Workbook

Sheet Read Me
B2: RED STRINGS LAB · CASE 11 · Training vs Testing — Starter Sheet
B3: Every dataset is hiding something.
B5: ⚠ ALL data here is MADE UP: 40 imaginary students, hours studied per week and exam score.
B7: THE IDEA: a model can look perfect on the examples it learned from and still be bad on new ones. Only a test on UNSEEN examples tells the truth.
B9: TWO MODELS, both built with plain formulas:
B10: • The Memorizer: to predict a score, it finds the training student with the closest hours studied and copies their score. On training students it simply remembers the answer.
B11: • The Rule: a straight line (INTERCEPT and SLOPE) fitted to the training students only.
B13: TABS
B14: • Train — 20 students the models learn from. • Test — 20 different students the models never saw (formulas do the predicting).
B15: • Results — errors on train vs test, with a chart. • Seen vs Unseen — a log for YOUR Teachable Machine model.
B16: • Answer Key — the numbers behind the video.
B18: MISSION
... B24: Not affiliated with Google or any tool shown. Free to use for learning. Terms checked: [add date].

Sheet Train
A1: Student | B1: Hours studied per week | C1: Exam score | D1: Memorizer prediction | E1: Memorizer error | F1: Rule prediction | G1: Rule error | I1: Made-up data. The Memorizer already knows these answers, so its training error is zero by design.
A2: 1 | B2: 4 | C2: 59 | D2: =C2 -> 59 | E2: =ABS(C2-D2) -> 0 | F2: =INTERCEPT($C$2:$C$21,$B$2:$B$21)+SLOPE($C$2:$C$21,$B$2:$B$21)*B2 -> 56.114646 | G2: =ABS(C2-F2) -> 2.885354
A3: 2 | B3: 4.2 | C3: 45 | D3: =C3 -> 45 | E3: =ABS(C3-D3) -> 0 | F3: =INTERCEPT($C$2:$C$21,$B$2:$B$21)+SLOPE($C$2:$C$21,$B$2:$B$21)*B3 -> 57.006738 | G3: =ABS(C3-F3) -> 12.006738
A4: 3 | B4: 10.5 | C4: 87 | D4: =C4 -> 87 | E4: =ABS(C4-D4) -> 0 | F4: =INTERCEPT($C$2:$C$21,$B$2:$B$21)+SLOPE($C$2:$C$21,$B$2:$B$21)*B4 -> 85.107637 | G4: =ABS(C4-F4) -> 1.8923635
A5: 4 | B5: 11.5 | C5: 80 | D5: =C5 -> 80 | E5: =ABS(C5-D5) -> 0 | F5: =INTERCEPT($C$2:$C$21,$B$2:$B$21)+SLOPE($C$2:$C$21,$B$2:$B$21)*B5 -> 89.568097 | G5: =ABS(C5-F5) -> 9.5680966
A6: 5 | B6: 6.3 | C6: 74 | D6: =C6 -> 74 | E6: =ABS(C6-D6) -> 0 | F6: =INTERCEPT($C$2:$C$21,$B$2:$B$21)+SLOPE($C$2:$C$21,$B$2:$B$21)*B6 -> 66.373704 | G6: =ABS(C6-F6) -> 7.6262958
A7: 6 | B7: 7.8 | C7: 63 | D7: =C7 -> 63 | E7: =ABS(C7-D7) -> 0 | F7: =INTERCEPT($C$2:$C$21,$B$2:$B$21)+SLOPE($C$2:$C$21,$B$2:$B$21)*B7 -> 73.064394 | G7: =ABS(C7-F7) -> 10.064394
A8: 7 | B8: 5.4 | C8: 71 | D8: =C8 -> 71 | E8: =ABS(C8-D8) -> 0 | F8: =INTERCEPT($C$2:$C$21,$B$2:$B$21)+SLOPE($C$2:$C$21,$B$2:$B$21)*B8 -> 62.35929 | G8: =ABS(C8-F8) -> 8.6407099
A9: 8 | B9: 2.8 | C9: 44 | D9: =C9 -> 44 | E9: =ABS(C9-D9) -> 0 | F9: =INTERCEPT($C$2:$C$21,$B$2:$B$21)+SLOPE($C$2:$C$21,$B$2:$B$21)*B9 -> 50.762094 | G9: =ABS(C9-F9) -> 6.7620939
A10: 9 | B10: 11.4 | C10: 88 | D10: =C10 -> 88 | E10: =ABS(C10-D10) -> 0 | F10: =INTERCEPT($C$2:$C$21,$B$2:$B$21)+SLOPE($C$2:$C$21,$B$2:$B$21)*B10 -> 89.122051 | G10: =ABS(C10-F10) -> 1.1220506
A11: 10 | B11: 8.2 | C11: 85 | D11: =C11 -> 85 | E11: =ABS(C11-D11) -> 0 | F11: =INTERCEPT($C$2:$C$21,$B$2:$B$21)+SLOPE($C$2:$C$21,$B$2:$B$21)*B11 -> 74.848578 | G11: =ABS(C11-F11) -> 10.151422
A12: 11 | B12: 1.7 | C12: 53 | D12: =C12 -> 53 | E12: =ABS(C12-D12) -> 0 | F12: =INTERCEPT($C$2:$C$21,$B$2:$B$21)+SLOPE($C$2:$C$21,$B$2:$B$21)*B12 -> 45.855588 | G12: =ABS(C12-F12) -> 7.1444121
A13: 12 | B13: 10.8 | C13: 91 | D13: =C13 -> 91 | E13: =ABS(C13-D13) -> 0 | F13: =INTERCEPT($C$2:$C$21,$B$2:$B$21)+SLOPE($C$2:$C$21,$B$2:$B$21)*B13 -> 86.445775 | G13: =ABS(C13-F13) -> 4.5542255
... A21: 20 | B21: 11 | C21: 89 | D21: =C21 -> 89 | E21: =ABS(C21-D21) -> 0 | F21: =INTERCEPT($C$2:$C$21,$B$2:$B$21)+SLOPE($C$2:$C$21,$B$2:$B$21)*B21 -> 87.337867 | G21: =ABS(C21-F21) -> 1.6621334

Sheet Test
A1: Student | B1: Hours studied per week | C1: Exam score (hidden from models) | D1: Memorizer prediction | E1: Memorizer error | F1: Rule prediction | G1: Rule error | H1: Gap to train #1 | I1: Gap to train #2 | J1: Gap to train #3 | K1: Gap to train #4 | L1: Gap to train #5 | M1: Gap to train #6 | N1: Gap to train #7 | O1: Gap to train #8 | P1: Gap to train #9 | Q1: Gap to train #10 | R1: Gap to train #11 | S1: Gap to train #12 | T1: Gap to train #13 | U1: Gap to train #14 | V1: Gap to train #15 | W1: Gap to train #16 | X1: Gap to train #17 | Y1: Gap to train #18 | Z1: Gap to train #19 | AA1: Gap to train #20 | AC1: Gap to train # = distance in hours studied. The Memorizer copies the score of the training student with the SMALLEST gap.
A2: 1 | B2: 6.2 | C2: 66 | D2: =INDEX(Train!$C$2:$C$21,MATCH(MIN(H2:AA2),H2:AA2,0)) -> 74 | E2: =ABS(C2-D2) -> 8 | F2: =INTERCEPT(Train!$C$2:$C$21,Train!$B$2:$B$21)+SLOPE(Train!$C$2:$C$21,Train!$B$2:$B$21)*B2 -> 65.927658 | G2: =ABS(C2-F2) -> 0.072341806 | H2: =ABS($B2-Train!$B$2) -> 2.2 | I2: =ABS($B2-Train!$B$3) -> 2 | J2: =ABS($B2-Train!$B$4) -> 4.3 | K2: =ABS($B2-Train!$B$5) -> 5.3 | L2: =ABS($B2-Train!$B$6) -> 0.1 | M2: =ABS($B2-Train!$B$7) -> 1.6 | N2: =ABS($B2-Train!$B$8) -> 0.8 | O2: =ABS($B2-Train!$B$9) -> 3.4 | P2: =ABS($B2-Train!$B$10) -> 5.2 | Q2: =ABS($B2-Train!$B$11) -> 2 | R2: =ABS($B2-Train!$B$12) -> 4.5 | S2: =ABS($B2-Train!$B$13) -> 4.6 | T2: =ABS($B2-Train!$B$14) -> 3.8 | U2: =ABS($B2-Train!$B$15) -> 4.7 | V2: =ABS($B2-Train!$B$16) -> 5.4 | W2: =ABS($B2-Train!$B$17) -> 5.1 | X2: =ABS($B2-Train!$B$18) -> 2.2 | Y2: =ABS($B2-Train!$B$19) -> 1.7 | Z2: =ABS($B2-Train!$B$20) -> 0.6 | AA2: =ABS($B2-Train!$B$21) -> 4.8
A3: 2 | B3: 8.6 | C3: 78 | D3: =INDEX(Train!$C$2:$C$21,MATCH(MIN(H3:AA3),H3:AA3,0)) -> 61 | E3: =ABS(C3-D3) -> 17 | F3: =INTERCEPT(Train!$C$2:$C$21,Train!$B$2:$B$21)+SLOPE(Train!$C$2:$C$21,Train!$B$2:$B$21)*B3 -> 76.632762 | G3: =ABS(C3-F3) -> 1.3672376 | H3: =ABS($B3-Train!$B$2) -> 4.6 | I3: =ABS($B3-Train!$B$3) -> 4.4 | J3: =ABS($B3-Train!$B$4) -> 1.9 | K3: =ABS($B3-Train!$B$5) -> 2.9 | L3: =ABS($B3-Train!$B$6) -> 2.3 | M3: =ABS($B3-Train!$B$7) -> 0.8 | N3: =ABS($B3-Train!$B$8) -> 3.2 | O3: =ABS($B3-Train!$B$9) -> 5.8 | P3: =ABS($B3-Train!$B$10) -> 2.8 | Q3: =ABS($B3-Train!$B$11) -> 0.4 | R3: =ABS($B3-Train!$B$12) -> 6.9 | S3: =ABS($B3-Train!$B$13) -> 2.2 | T3: =ABS($B3-Train!$B$14) -> 1.4 | U3: =ABS($B3-Train!$B$15) -> 7.1 | V3: =ABS($B3-Train!$B$16) -> 3 | W3: =ABS($B3-Train!$B$17) -> 2.7 | X3: =ABS($B3-Train!$B$18) -> 0.2 | Y3: =ABS($B3-Train!$B$19) -> 0.7 | Z3: =ABS($B3-Train!$B$20) -> 3 | AA3: =ABS($B3-Train!$B$21) -> 2.4
A4: 3 | B4: 8.6 | C4: 69 | D4: =INDEX(Train!$C$2:$C$21,MATCH(MIN(H4:AA4),H4:AA4,0)) -> 61 | E4: =ABS(C4-D4) -> 8 | F4: =INTERCEPT(Train!$C$2:$C$21,Train!$B$2:$B$21)+SLOPE(Train!$C$2:$C$21,Train!$B$2:$B$21)*B4 -> 76.632762 | G4: =ABS(C4-F4) -> 7.6327624 | H4: =ABS($B4-Train!$B$2) -> 4.6 | I4: =ABS($B4-Train!$B$3) -> 4.4 | J4: =ABS($B4-Train!$B$4) -> 1.9 | K4: =ABS($B4-Train!$B$5) -> 2.9 | L4: =ABS($B4-Train!$B$6) -> 2.3 | M4: =ABS($B4-Train!$B$7) -> 0.8 | N4: =ABS($B4-Train!$B$8) -> 3.2 | O4: =ABS($B4-Train!$B$9) -> 5.8 | P4: =ABS($B4-Train!$B$10) -> 2.8 | Q4: =ABS($B4-Train!$B$11) -> 0.4 | R4: =ABS($B4-Train!$B$12) -> 6.9 | S4: =ABS($B4-Train!$B$13) -> 2.2 | T4: =ABS($B4-Train!$B$14) -> 1.4 | U4: =ABS($B4-Train!$B$15) -> 7.1 | V4: =ABS($B4-Train!$B$16) -> 3 | W4: =ABS($B4-Train!$B$17) -> 2.7 | X4: =ABS($B4-Train!$B$18) -> 0.2 | Y4: =ABS($B4-Train!$B$19) -> 0.7 | Z4: =ABS($B4-Train!$B$20) -> 3 | AA4: =ABS($B4-Train!$B$21) -> 2.4
A5: 4 | B5: 7.5 | C5: 79 | D5: =INDEX(Train!$C$2:$C$21,MATCH(MIN(H5:AA5),H5:AA5,0)) -> 63 | E5: =ABS(C5-D5) -> 16 | F5: =INTERCEPT(Train!$C$2:$C$21,Train!$B$2:$B$21)+SLOPE(Train!$C$2:$C$21,Train!$B$2:$B$21)*B5 -> 71.726256 | G5: =ABS(C5-F5) -> 7.2737437 | H5: =ABS($B5-Train!$B$2) -> 3.5 | I5: =ABS($B5-Train!$B$3) -> 3.3 | J5: =ABS($B5-Train!$B$4) -> 3 | K5: =ABS($B5-Train!$B$5) -> 4 | L5: =ABS($B5-Train!$B$6) -> 1.2 | M5: =ABS($B5-Train!$B$7) -> 0.3 | N5: =ABS($B5-Train!$B$8) -> 2.1 | O5: =ABS($B5-Train!$B$9) -> 4.7 | P5: =ABS($B5-Train!$B$10) -> 3.9 | Q5: =ABS($B5-Train!$B$11) -> 0.7 | R5: =ABS($B5-Train!$B$12) -> 5.8 | S5: =ABS($B5-Train!$B$13) -> 3.3 | T5: =ABS($B5-Train!$B$14) -> 2.5 | U5: =ABS($B5-Train!$B$15) -> 6 | V5: =ABS($B5-Train!$B$16) -> 4.1 | W5: =ABS($B5-Train!$B$17) -> 3.8 | X5: =ABS($B5-Train!$B$18) -> 0.9 | Y5: =ABS($B5-Train!$B$19) -> 0.4 | Z5: =ABS($B5-Train!$B$20) -> 1.9 | AA5: =ABS($B5-Train!$B$21) -> 3.5
A6: 5 | B6: 11.2 | C6: 82 | D6: =INDEX(Train!$C$2:$C$21,MATCH(MIN(H6:AA6),H6:AA6,0)) -> 95 | E6: =ABS(C6-D6) -> 13 | F6: =INTERCEPT(Train!$C$2:$C$21,Train!$B$2:$B$21)+SLOPE(Train!$C$2:$C$21,Train!$B$2:$B$21)*B6 -> 88.229959 | G6: =ABS(C6-F6) -> 6.2299586 | H6: =ABS($B6-Train!$B$2) -> 7.2 | I6: =ABS($B6-Train!$B$3) -> 7 | J6: =ABS($B6-Train!$B$4) -> 0.7 | K6: =ABS($B6-Train!$B$5) -> 0.3 | L6: =ABS($B6-Train!$B$6) -> 4.9 | M6: =ABS($B6-Train!$B$7) -> 3.4 | N6: =ABS($B6-Train!$B$8) -> 5.8 | O6: =ABS($B6-Train!$B$9) -> 8.4 | P6: =ABS($B6-Train!$B$10) -> 0.2 | Q6: =ABS($B6-Train!$B$11) -> 3 | R6: =ABS($B6-Train!$B$12) -> 9.5 | S6: =ABS($B6-Train!$B$13) -> 0.4 | T6: =ABS($B6-Train!$B$14) -> 1.2 | U6: =ABS($B6-Train!$B$15) -> 9.7 | V6: =ABS($B6-Train!$B$16) -> 0.4 | W6: =ABS($B6-Train!$B$17) -> 0.1 | X6: =ABS($B6-Train!$B$18) -> 2.8 | Y6: =ABS($B6-Train!$B$19) -> 3.3 | Z6: =ABS($B6-Train!$B$20) -> 5.6 | AA6: =ABS($B6-Train!$B$21) -> 0.2
A7: 6 | B7: 8.1 | C7: 83 | D7: =INDEX(Train!$C$2:$C$21,MATCH(MIN(H7:AA7),H7:AA7,0)) -> 85 | E7: =ABS(C7-D7) -> 2 | F7: =INTERCEPT(Train!$C$2:$C$21,Train!$B$2:$B$21)+SLOPE(Train!$C$2:$C$21,Train!$B$2:$B$21)*B7 -> 74.402532 | G7: =ABS(C7-F7) -> 8.5974677 | H7: =ABS($B7-Train!$B$2) -> 4.1 | I7: =ABS($B7-Train!$B$3) -> 3.9 | J7: =ABS($B7-Train!$B$4) -> 2.4 | K7: =ABS($B7-Train!$B$5) -> 3.4 | L7: =ABS($B7-Train!$B$6) -> 1.8 | M7: =ABS($B7-Train!$B$7) -> 0.3 | N7: =ABS($B7-Train!$B$8) -> 2.7 | O7: =ABS($B7-Train!$B$9) -> 5.3 | P7: =ABS($B7-Train!$B$10) -> 3.3 | Q7: =ABS($B7-Train!$B$11) -> 0.1 | R7: =ABS($B7-Train!$B$12) -> 6.4 | S7: =ABS($B7-Train!$B$13) -> 2.7 | T7: =ABS($B7-Train!$B$14) -> 1.9 | U7: =ABS($B7-Train!$B$15) -> 6.6 | V7: =ABS($B7-Train!$B$16) -> 3.5 | W7: =ABS($B7-Train!$B$17) -> 3.2 | X7: =ABS($B7-Train!$B$18) -> 0.3 | Y7: =ABS($B7-Train!$B$19) -> 0.2 | Z7: =ABS($B7-Train!$B$20) -> 2.5 | AA7: =ABS($B7-Train!$B$21) -> 2.9
A8: 7 | B8: 7.7 | C8: 86 | D8: =INDEX(Train!$C$2:$C$21,MATCH(MIN(H8:AA8),H8:AA8,0)) -> 63 | E8: =ABS(C8-D8) -> 23 | F8: =INTERCEPT(Train!$C$2:$C$21,Train!$B$2:$B$21)+SLOPE(Train!$C$2:$C$21,Train!$B$2:$B$21)*B8 -> 72.618348 | G8: =ABS(C8-F8) -> 13.381652 | H8: =ABS($B8-Train!$B$2) -> 3.7 | I8: =ABS($B8-Train!$B$3) -> 3.5 | J8: =ABS($B8-Train!$B$4) -> 2.8 | K8: =ABS($B8-Train!$B$5) -> 3.8 | L8: =ABS($B8-Train!$B$6) -> 1.4 | M8: =ABS($B8-Train!$B$7) -> 0.1 | N8: =ABS($B8-Train!$B$8) -> 2.3 | O8: =ABS($B8-Train!$B$9) -> 4.9 | P8: =ABS($B8-Train!$B$10) -> 3.7 | Q8: =ABS($B8-Train!$B$11) -> 0.5 | R8: =ABS($B8-Train!$B$12) -> 6 | S8: =ABS($B8-Train!$B$13) -> 3.1 | T8: =ABS($B8-Train!$B$14) -> 2.3 | U8: =ABS($B8-Train!$B$15) -> 6.2 | V8: =ABS($B8-Train!$B$16) -> 3.9 | W8: =ABS($B8-Train!$B$17) -> 3.6 | X8: =ABS($B8-Train!$B$18) -> 0.7 | Y8: =ABS($B8-Train!$B$19) -> 0.2 | Z8: =ABS($B8-Train!$B$20) -> 2.1 | AA8: =ABS($B8-Train!$B$21) -> 3.3
A9: 8 | B9: 6.4 | C9: 54 | D9: =INDEX(Train!$C$2:$C$21,MATCH(MIN(H9:AA9),H9:AA9,0)) -> 74 | E9: =ABS(C9-D9) -> 20 | F9: =INTERCEPT(Train!$C$2:$C$21,Train!$B$2:$B$21)+SLOPE(Train!$C$2:$C$21,Train!$B$2:$B$21)*B9 -> 66.81975 | G9: =ABS(C9-F9) -> 12.81975 | H9: =ABS($B9-Train!$B$2) -> 2.4 | I9: =ABS($B9-Train!$B$3) -> 2.2 | J9: =ABS($B9-Train!$B$4) -> 4.1 | K9: =ABS($B9-Train!$B$5) -> 5.1 | L9: =ABS($B9-Train!$B$6) -> 0.1 | M9: =ABS($B9-Train!$B$7) -> 1.4 | N9: =ABS($B9-Train!$B$8) -> 1 | O9: =ABS($B9-Train!$B$9) -> 3.6 | P9: =ABS($B9-Train!$B$10) -> 5 | Q9: =ABS($B9-Train!$B$11) -> 1.8 | R9: =ABS($B9-Train!$B$12) -> 4.7 | S9: =ABS($B9-Train!$B$13) -> 4.4 | T9: =ABS($B9-Train!$B$14) -> 3.6 | U9: =ABS($B9-Train!$B$15) -> 4.9 | V9: =ABS($B9-Train!$B$16) -> 5.2 | W9: =ABS($B9-Train!$B$17) -> 4.9 | X9: =ABS($B9-Train!$B$18) -> 2 | Y9: =ABS($B9-Train!$B$19) -> 1.5 | Z9: =ABS($B9-Train!$B$20) -> 0.8 | AA9: =ABS($B9-Train!$B$21) -> 4.6
A10: 9 | B10: 6.5 | C10: 56 | D10: =INDEX(Train!$C$2:$C$21,MATCH(MIN(H10:AA10),H10:AA10,0)) -> 74 | E10: =ABS(C10-D10) -> 18 | F10: =INTERCEPT(Train!$C$2:$C$21,Train!$B$2:$B$21)+SLOPE(Train!$C$2:$C$21,Train!$B$2:$B$21)*B10 -> 67.265796 | G10: =ABS(C10-F10) -> 11.265796 | H10: =ABS($B10-Train!$B$2) -> 2.5 | I10: =ABS($B10-Train!$B$3) -> 2.3 | J10: =ABS($B10-Train!$B$4) -> 4 | K10: =ABS($B10-Train!$B$5) -> 5 | L10: =ABS($B10-Train!$B$6) -> 0.2 | M10: =ABS($B10-Train!$B$7) -> 1.3 | N10: =ABS($B10-Train!$B$8) -> 1.1 | O10: =ABS($B10-Train!$B$9) -> 3.7 | P10: =ABS($B10-Train!$B$10) -> 4.9 | Q10: =ABS($B10-Train!$B$11) -> 1.7 | R10: =ABS($B10-Train!$B$12) -> 4.8 | S10: =ABS($B10-Train!$B$13) -> 4.3 | T10: =ABS($B10-Train!$B$14) -> 3.5 | U10: =ABS($B10-Train!$B$15) -> 5 | V10: =ABS($B10-Train!$B$16) -> 5.1 | W10: =ABS($B10-Train!$B$17) -> 4.8 | X10: =ABS($B10-Train!$B$18) -> 1.9 | Y10: =ABS($B10-Train!$B$19) -> 1.4 | Z10: =ABS($B10-Train!$B$20) -> 0.9 | AA10: =ABS($B10-Train!$B$21) -> 4.5
A11: 10 | B11: 4.1 | C11: 59 | D11: =INDEX(Train!$C$2:$C$21,MATCH(MIN(H11:AA11),H11:AA11,0)) -> 59 | E11: =ABS(C11-D11) -> 0 | F11: =INTERCEPT(Train!$C$2:$C$21,Train!$B$2:$B$21)+SLOPE(Train!$C$2:$C$21,Train!$B$2:$B$21)*B11 -> 56.560692 | G11: =ABS(C11-F11) -> 2.439308 | H11: =ABS($B11-Train!$B$2) -> 0.1 | I11: =ABS($B11-Train!$B$3) -> 0.1 | J11: =ABS($B11-Train!$B$4) -> 6.4 | K11: =ABS($B11-Train!$B$5) -> 7.4 | L11: =ABS($B11-Train!$B$6) -> 2.2 | M11: =ABS($B11-Train!$B$7) -> 3.7 | N11: =ABS($B11-Train!$B$8) -> 1.3 | O11: =ABS($B11-Train!$B$9) -> 1.3 | P11: =ABS($B11-Train!$B$10) -> 7.3 | Q11: =ABS($B11-Train!$B$11) -> 4.1 | R11: =ABS($B11-Train!$B$12) -> 2.4 | S11: =ABS($B11-Train!$B$13) -> 6.7 | T11: =ABS($B11-Train!$B$14) -> 5.9 | U11: =ABS($B11-Train!$B$15) -> 2.6 | V11: =ABS($B11-Train!$B$16) -> 7.5 | W11: =ABS($B11-Train!$B$17) -> 7.2 | X11: =ABS($B11-Train!$B$18) -> 4.3 | Y11: =ABS($B11-Train!$B$19) -> 3.8 | Z11: =ABS($B11-Train!$B$20) -> 1.5 | AA11: =ABS($B11-Train!$B$21) -> 6.9
A12: 11 | B12: 5.3 | C12: 69 | D12: =INDEX(Train!$C$2:$C$21,MATCH(MIN(H12:AA12),H12:AA12,0)) -> 71 | E12: =ABS(C12-D12) -> 2 | F12: =INTERCEPT(Train!$C$2:$C$21,Train!$B$2:$B$21)+SLOPE(Train!$C$2:$C$21,Train!$B$2:$B$21)*B12 -> 61.913244 | G12: =ABS(C12-F12) -> 7.0867559 | H12: =ABS($B12-Train!$B$2) -> 1.3 | I12: =ABS($B12-Train!$B$3) -> 1.1 | J12: =ABS($B12-Train!$B$4) -> 5.2 | K12: =ABS($B12-Train!$B$5) -> 6.2 | L12: =ABS($B12-Train!$B$6) -> 1 | M12: =ABS($B12-Train!$B$7) -> 2.5 | N12: =ABS($B12-Train!$B$8) -> 0.1 | O12: =ABS($B12-Train!$B$9) -> 2.5 | P12: =ABS($B12-Train!$B$10) -> 6.1 | Q12: =ABS($B12-Train!$B$11) -> 2.9 | R12: =ABS($B12-Train!$B$12) -> 3.6 | S12: =ABS($B12-Train!$B$13) -> 5.5 | T12: =ABS($B12-Train!$B$14) -> 4.7 | U12: =ABS($B12-Train!$B$15) -> 3.8 | V12: =ABS($B12-Train!$B$16) -> 6.3 | W12: =ABS($B12-Train!$B$17) -> 6 | X12: =ABS($B12-Train!$B$18) -> 3.1 | Y12: =ABS($B12-Train!$B$19) -> 2.6 | Z12: =ABS($B12-Train!$B$20) -> 0.3 | AA12: =ABS($B12-Train!$B$21) -> 5.7
A13: 12 | B13: 9.1 | C13: 81 | D13: =INDEX(Train!$C$2:$C$21,MATCH(MIN(H13:AA13),H13:AA13,0)) -> 61 | E13: =ABS(C13-D13) -> 20 | F13: =INTERCEPT(Train!$C$2:$C$21,Train!$B$2:$B$21)+SLOPE(Train!$C$2:$C$21,Train!$B$2:$B$21)*B13 -> 78.862992 | G13: =ABS(C13-F13) -> 2.1370076 | H13: =ABS($B13-Train!$B$2) -> 5.1 | I13: =ABS($B13-Train!$B$3) -> 4.9 | J13: =ABS($B13-Train!$B$4) -> 1.4 | K13: =ABS($B13-Train!$B$5) -> 2.4 | L13: =ABS($B13-Train!$B$6) -> 2.8 | M13: =ABS($B13-Train!$B$7) -> 1.3 | N13: =ABS($B13-Train!$B$8) -> 3.7 | O13: =ABS($B13-Train!$B$9) -> 6.3 | P13: =ABS($B13-Train!$B$10) -> 2.3 | Q13: =ABS($B13-Train!$B$11) -> 0.9 | R13: =ABS($B13-Train!$B$12) -> 7.4 | S13: =ABS($B13-Train!$B$13) -> 1.7 | T13: =ABS($B13-Train!$B$14) -> 0.9 | U13: =ABS($B13-Train!$B$15) -> 7.6 | V13: =ABS($B13-Train!$B$16) -> 2.5 | W13: =ABS($B13-Train!$B$17) -> 2.2 | X13: =ABS($B13-Train!$B$18) -> 0.7 | Y13: =ABS($B13-Train!$B$19) -> 1.2 | Z13: =ABS($B13-Train!$B$20) -> 3.5 | AA13: =ABS($B13-Train!$B$21) -> 1.9
... A21: 20 | B21: 1.5 | C21: 39 | D21: =INDEX(Train!$C$2:$C$21,MATCH(MIN(H21:AA21),H21:AA21,0)) -> 47 | E21: =ABS(C21-D21) -> 8 | F21: =INTERCEPT(Train!$C$2:$C$21,Train!$B$2:$B$21)+SLOPE(Train!$C$2:$C$21,Train!$B$2:$B$21)*B21 -> 44.963496 | G21: =ABS(C21-F21) -> 5.9634958 | H21: =ABS($B21-Train!$B$2) -> 2.5 | I21: =ABS($B21-Train!$B$3) -> 2.7 | J21: =ABS($B21-Train!$B$4) -> 9 | K21: =ABS($B21-Train!$B$5) -> 10 | L21: =ABS($B21-Train!$B$6) -> 4.8 | M21: =ABS($B21-Train!$B$7) -> 6.3 | N21: =ABS($B21-Train!$B$8) -> 3.9 | O21: =ABS($B21-Train!$B$9) -> 1.3 | P21: =ABS($B21-Train!$B$10) -> 9.9 | Q21: =ABS($B21-Train!$B$11) -> 6.7 | R21: =ABS($B21-Train!$B$12) -> 0.2 | S21: =ABS($B21-Train!$B$13) -> 9.3 | T21: =ABS($B21-Train!$B$14) -> 8.5 | U21: =ABS($B21-Train!$B$15) -> 0 | V21: =ABS($B21-Train!$B$16) -> 10.1 | W21: =ABS($B21-Train!$B$17) -> 9.8 | X21: =ABS($B21-Train!$B$18) -> 6.9 | Y21: =ABS($B21-Train!$B$19) -> 6.4 | Z21: =ABS($B21-Train!$B$20) -> 4.1 | AA21: =ABS($B21-Train!$B$21) -> 9.5

Sheet Results
A1: Average error in exam points (lower is better)
A3: Model and data | B3: Average error
A4: Memorizer on TRAIN students | B4: =AVERAGE(Train!E2:E21) -> 0
A5: Memorizer on TEST students | B5: =AVERAGE(Test!E2:E21) -> 9.4
A6: Rule on TRAIN students | B6: =AVERAGE(Train!G2:G21) -> 6.3040009
A7: Rule on TEST students | B7: =AVERAGE(Test!G2:G21) -> 6.0827969

Sheet Seen vs Unseen
A1: Test # | B1: Was this example in my training set? (Seen / Unseen) | C1: True class | D1: Model's guess | E1: Correct? | F1: Notes | H1: Rows 2 to 31. Type class names EXACTLY the same in both columns.
A2: 1 | E2: =IF(OR(C2="",D2=""),"",IF(C2=D2,"Yes","No"))
A3: 2 | E3: =IF(OR(C3="",D3=""),"",IF(C3=D3,"Yes","No")) | H3: Accuracy on SEEN examples | I3: =IFERROR(COUNTIFS(B2:B31,"Seen",E2:E31,"Yes")/COUNTIF(B2:B31,"Seen"),"")
A4: 3 | E4: =IF(OR(C4="",D4=""),"",IF(C4=D4,"Yes","No")) | H4: Accuracy on UNSEEN examples | I4: =IFERROR(COUNTIFS(B2:B31,"Unseen",E2:E31,"Yes")/COUNTIF(B2:B31,"Unseen"),"")
A5: 4 | E5: =IF(OR(C5="",D5=""),"",IF(C5=D5,"Yes","No")) | H5: Gap (seen minus unseen) | I5: =IF(OR(I3="",I4=""),"",I3-I4)
A6: 5 | E6: =IF(OR(C6="",D6=""),"",IF(C6=D6,"Yes","No"))
A7: 6 | E7: =IF(OR(C7="",D7=""),"",IF(C7=D7,"Yes","No"))
A8: 7 | E8: =IF(OR(C8="",D8=""),"",IF(C8=D8,"Yes","No"))
A9: 8 | E9: =IF(OR(C9="",D9=""),"",IF(C9=D9,"Yes","No"))
A10: 9 | E10: =IF(OR(C10="",D10=""),"",IF(C10=D10,"Yes","No"))
A11: 10 | E11: =IF(OR(C11="",D11=""),"",IF(C11=D11,"Yes","No"))
A12: 11 | E12: =IF(OR(C12="",D12=""),"",IF(C12=D12,"Yes","No"))
A13: 12 | E13: =IF(OR(C13="",D13=""),"",IF(C13=D13,"Yes","No"))
A14: 13 | E14: =IF(OR(C14="",D14=""),"",IF(C14=D14,"Yes","No"))
A15: 14 | E15: =IF(OR(C15="",D15=""),"",IF(C15=D15,"Yes","No"))
A16: 15 | E16: =IF(OR(C16="",D16=""),"",IF(C16=D16,"Yes","No"))
A17: 16 | E17: =IF(OR(C17="",D17=""),"",IF(C17=D17,"Yes","No"))
... A31: 30 | E31: =IF(OR(C31="",D31=""),"",IF(C31=D31,"Yes","No"))

Sheet Answer Key
A1: ANSWER KEY (made-up data) — try it yourself first
A3: What we calculate | B3: Result | C3: Why it matters
A4: Memorizer error on train | B4: =Results!B4 -> 0 | C4: Zero: it remembers every answer. A perfect score that means nothing
A5: Memorizer error on test | B5: =Results!B5 -> 9.4 | C5: On new students it is far worse
A6: Rule error on train | B6: =Results!B6 -> 6.3040009 | C6: The rule can't memorize, so it isn't perfect
A7: Rule error on test | B7: =Results!B7 -> 6.0827969 | C7: Close to its train error: what you see is what you get
A8: Memorizer test error ÷ Rule test error | B8: =B5/B7 -> 1.5453417 | C8: How many times worse the 'perfect' model is on unseen data
A9: Rule: test error minus train error | B9: =B7-B6 -> -0.22120398 | C9: A small gap means the score can be trusted
A10: Slope of the rule (points per extra hour) | B10: =SLOPE(Train!C2:C21,Train!B2:B21) -> 4.4604601 | C10: What the rule learned from 20 students
A11: Intercept of the rule (score at 0 hours) | B11: =INTERCEPT(Train!C2:C21,Train!B2:B21) -> 38.272806
A13: Reminder: a score on data the model has already seen tells you almost nothing.
