Workbook

Sheet Read Me
B2: RED STRINGS LAB · CASE 09 · Teach a Machine — Training Log
B3: Every dataset is hiding something.
B5: You will train a small image classifier in your browser, then test it honestly. This sheet records what you did and how well it worked.
B6: ⚠ The 'Example' tab is MADE UP to show the layout. It is not a real model result.
B8: TABS
B9: • Training Log — your classes, how many examples each has, and what you varied (angle, light, background).
B10: • Test Log — every test: what you showed it, what it guessed, how sure it was. Correct? fills itself.
B11: • Summary — accuracy overall and per class, and how confident the model was when it was right vs wrong.
B12: • Example — a made-up filled log so you can see the standard.
B14: RULES
B15: 1. Train on OBJECTS, drawings or pets. No faces, no other people, no personal photos.
B16: 2. Test on examples you did NOT train on. Testing on training examples proves nothing.
... B21: Not affiliated with Google or any tool shown. Free to use for learning. Terms checked: [add date].

Sheet Training Log
A1: Class name | B1: Examples I captured | C1: What I varied (angle / distance / light / background)
A6: Total examples | B6: =SUM(B2:B4) -> 0
A8: Yellow = yours to fill. Use up to 3 classes here. Include a 'Nothing' class (an empty background) if you can.

Sheet Test Log
A1: Test # | B1: What I showed it (true class) | C1: Model's guess | D1: Confidence (%) | E1: Correct? | F1: Conditions / notes | H1: Type the class names EXACTLY the same way in both columns. Rows 2 to 31 (30 tests).
A2: 1 | E2: =IF(OR(B2="",C2=""),"",IF(B2=C2,"Yes","No"))
A3: 2 | E3: =IF(OR(B3="",C3=""),"",IF(B3=C3,"Yes","No"))
A4: 3 | E4: =IF(OR(B4="",C4=""),"",IF(B4=C4,"Yes","No"))
A5: 4 | E5: =IF(OR(B5="",C5=""),"",IF(B5=C5,"Yes","No"))
A6: 5 | E6: =IF(OR(B6="",C6=""),"",IF(B6=C6,"Yes","No"))
A7: 6 | E7: =IF(OR(B7="",C7=""),"",IF(B7=C7,"Yes","No"))
A8: 7 | E8: =IF(OR(B8="",C8=""),"",IF(B8=C8,"Yes","No"))
A9: 8 | E9: =IF(OR(B9="",C9=""),"",IF(B9=C9,"Yes","No"))
A10: 9 | E10: =IF(OR(B10="",C10=""),"",IF(B10=C10,"Yes","No"))
A11: 10 | E11: =IF(OR(B11="",C11=""),"",IF(B11=C11,"Yes","No"))
A12: 11 | E12: =IF(OR(B12="",C12=""),"",IF(B12=C12,"Yes","No"))
A13: 12 | E13: =IF(OR(B13="",C13=""),"",IF(B13=C13,"Yes","No"))
... A31: 30 | E31: =IF(OR(B31="",C31=""),"",IF(B31=C31,"Yes","No"))

Sheet Summary
A1: SUMMARY (yours)
A3: What we calculate | B3: Result | D3: What it tells you
A4: Tests run | B4: =COUNTA('Test Log'!B2:B31) -> 0 | D4: More tests = more trust
A5: Correct | B5: =COUNTIF('Test Log'!E2:E31,"Yes") -> 0
A6: Overall accuracy | B6: =IFERROR(B5/B4,"") | D6: One number never tells the whole story
A7: Average confidence when RIGHT (%) | B7: =IFERROR(AVERAGEIFS('Test Log'!D2:D31,'Test Log'!E2:E31,"Yes"),"") | D7: How sure it sounds when correct
A8: Average confidence when WRONG (%) | B8: =IFERROR(AVERAGEIFS('Test Log'!D2:D31,'Test Log'!E2:E31,"No"),"") | D8: If this is high, the model is confidently wrong
A11: ACCURACY PER CLASS
A12: Class | B12: Tests | C12: Correct | D12: Accuracy
A13: =IF('Training Log'!A2="","",'Training Log'!A2) | B13: =IF(A13="","",COUNTIF('Test Log'!B2:B31,A13)) | C13: =IF(A13="","",COUNTIFS('Test Log'!B2:B31,A13,'Test Log'!E2:E31,"Yes")) | D13: =IF(OR(A13="",B13=0),"",C13/B13)
A14: =IF('Training Log'!A3="","",'Training Log'!A3) | B14: =IF(A14="","",COUNTIF('Test Log'!B2:B31,A14)) | C14: =IF(A14="","",COUNTIFS('Test Log'!B2:B31,A14,'Test Log'!E2:E31,"Yes")) | D14: =IF(OR(A14="",B14=0),"",C14/B14)
A15: =IF('Training Log'!A4="","",'Training Log'!A4) | B15: =IF(A15="","",COUNTIF('Test Log'!B2:B31,A15)) | C15: =IF(A15="","",COUNTIFS('Test Log'!B2:B31,A15,'Test Log'!E2:E31,"Yes")) | D15: =IF(OR(A15="",B15=0),"",C15/B15)
A17: Accuracy is not the whole story: look at WHICH class fails, and under WHICH conditions.

Sheet Example Training
A1: Class name | B1: Examples I captured | C1: What I varied (angle / distance / light / background)
A2: Mug | B2: 40 | C2: 3 angles, 2 distances, desk lamp on and off
A3: Notebook | B3: 40 | C3: Flat and tilted, 2 backgrounds
A4: Nothing | B4: 30 | C4: Empty desk, light on and off
A6: Total examples | B6: =SUM(B2:B4) -> 110
A8: MADE-UP EXAMPLE. Not a real model.

Sheet Example Tests
A1: Test # | B1: What I showed it (true class) | C1: Model's guess | D1: Confidence (%) | E1: Correct? | F1: Conditions / notes | H1: MADE-UP EXAMPLE. Not a real model result.
A2: 1 | B2: Mug | C2: Mug | D2: 98 | E2: =IF(OR(B2="",C2=""),"",IF(B2=C2,"Yes","No")) -> Yes | F2: same desk, lamp on
A3: 2 | B3: Mug | C3: Mug | D3: 95 | E3: =IF(OR(B3="",C3=""),"",IF(B3=C3,"Yes","No")) -> Yes | F3: new angle
A4: 3 | B4: Mug | C4: Notebook | D4: 61 | E4: =IF(OR(B4="",C4=""),"",IF(B4=C4,"Yes","No")) -> No | F4: mug on the notebook
A5: 4 | B5: Mug | C5: Mug | D5: 90 | E5: =IF(OR(B5="",C5=""),"",IF(B5=C5,"Yes","No")) -> Yes | F5: different mug
A6: 5 | B6: Notebook | C6: Notebook | D6: 97 | E6: =IF(OR(B6="",C6=""),"",IF(B6=C6,"Yes","No")) -> Yes | F6: same desk
A7: 6 | B7: Notebook | C7: Notebook | D7: 92 | E7: =IF(OR(B7="",C7=""),"",IF(B7=C7,"Yes","No")) -> Yes | F7: tilted
A8: 7 | B8: Notebook | C8: Mug | D8: 55 | E8: =IF(OR(B8="",C8=""),"",IF(B8=C8,"Yes","No")) -> No | F8: other room, dim light
A9: 8 | B9: Notebook | C9: Notebook | D9: 88 | E9: =IF(OR(B9="",C9=""),"",IF(B9=C9,"Yes","No")) -> Yes | F9: new background
A10: 9 | B10: Nothing | C10: Nothing | D10: 99 | E10: =IF(OR(B10="",C10=""),"",IF(B10=C10,"Yes","No")) -> Yes | F10: empty desk
A11: 10 | B11: Nothing | C11: Nothing | D11: 96 | E11: =IF(OR(B11="",C11=""),"",IF(B11=C11,"Yes","No")) -> Yes | F11: lamp off
A12: 11 | B12: Nothing | C12: Mug | D12: 72 | E12: =IF(OR(B12="",C12=""),"",IF(B12=C12,"Yes","No")) -> No | F12: empty desk, my sleeve in frame
A13: 12 | B13: Mug | C13: Mug | D13: 93 | E13: =IF(OR(B13="",C13=""),"",IF(B13=C13,"Yes","No")) -> Yes | F13: held in hand
... A21: 20 | B21: Notebook | C21: Mug | D21: 66 | E21: =IF(OR(B21="",C21=""),"",IF(B21=C21,"Yes","No")) -> No | F21: cover half hidden
A22: 21 | E22: =IF(OR(B22="",C22=""),"",IF(B22=C22,"Yes","No"))
A23: 22 | E23: =IF(OR(B23="",C23=""),"",IF(B23=C23,"Yes","No"))
A24: 23 | E24: =IF(OR(B24="",C24=""),"",IF(B24=C24,"Yes","No"))
A25: 24 | E25: =IF(OR(B25="",C25=""),"",IF(B25=C25,"Yes","No"))
A26: 25 | E26: =IF(OR(B26="",C26=""),"",IF(B26=C26,"Yes","No"))
A27: 26 | E27: =IF(OR(B27="",C27=""),"",IF(B27=C27,"Yes","No"))
A28: 27 | E28: =IF(OR(B28="",C28=""),"",IF(B28=C28,"Yes","No"))
A29: 28 | E29: =IF(OR(B29="",C29=""),"",IF(B29=C29,"Yes","No"))
A30: 29 | E30: =IF(OR(B30="",C30=""),"",IF(B30=C30,"Yes","No"))
A31: 30 | E31: =IF(OR(B31="",C31=""),"",IF(B31=C31,"Yes","No"))

Sheet Example Summary
A1: SUMMARY (MADE-UP EXAMPLE)
A3: What we calculate | B3: Result | D3: What it tells you
A4: Tests run | B4: =COUNTA('Example Tests'!B2:B31) -> 20 | D4: More tests = more trust
A5: Correct | B5: =COUNTIF('Example Tests'!E2:E31,"Yes") -> 15
A6: Overall accuracy | B6: =IFERROR(B5/B4,"") -> 0.75 | D6: One number never tells the whole story
A7: Average confidence when RIGHT (%) | B7: =IFERROR(AVERAGEIFS('Example Tests'!D2:D31,'Example Tests'!E2:E31,"Yes"),"") -> 94 | D7: How sure it sounds when correct
A8: Average confidence when WRONG (%) | B8: =IFERROR(AVERAGEIFS('Example Tests'!D2:D31,'Example Tests'!E2:E31,"No"),"") -> 62.4 | D8: If this is high, the model is confidently wrong
A11: ACCURACY PER CLASS
A12: Class | B12: Tests | C12: Correct | D12: Accuracy
A13: =IF('Example Training'!A2="","",'Example Training'!A2) -> Mug | B13: =IF(A13="","",COUNTIF('Example Tests'!B2:B31,A13)) -> 8 | C13: =IF(A13="","",COUNTIFS('Example Tests'!B2:B31,A13,'Example Tests'!E2:E31,"Yes")) -> 6 | D13: =IF(OR(A13="",B13=0),"",C13/B13) -> 0.75
A14: =IF('Example Training'!A3="","",'Example Training'!A3) -> Notebook | B14: =IF(A14="","",COUNTIF('Example Tests'!B2:B31,A14)) -> 7 | C14: =IF(A14="","",COUNTIFS('Example Tests'!B2:B31,A14,'Example Tests'!E2:E31,"Yes")) -> 5 | D14: =IF(OR(A14="",B14=0),"",C14/B14) -> 0.71428571
A15: =IF('Example Training'!A4="","",'Example Training'!A4) -> Nothing | B15: =IF(A15="","",COUNTIF('Example Tests'!B2:B31,A15)) -> 5 | C15: =IF(A15="","",COUNTIFS('Example Tests'!B2:B31,A15,'Example Tests'!E2:E31,"Yes")) -> 4 | D15: =IF(OR(A15="",B15=0),"",C15/B15) -> 0.8
A17: Accuracy is not the whole story: look at WHICH class fails, and under WHICH conditions.
