Workbook

Sheet Tracker
A1: Case | B1: Rank | C1: Title | D1: Publish date | E1: Day | F1: Tool(s) | G1: Finished project | H1: Terms note | I1: Script | J1: Tool terms checked | K1: Voice-over | L1: Screen recording | M1: Edit | N1: Thumbnail | O1: Subtitles EN | P1: Subtitles AR | Q1: Subtitles UR | R1: Starter files | S1: Web page ready | T1: Uploaded & scheduled | U1: Notes
A2: Trailer | B2: — | C2: Trailer (60 sec) | D2: 46315 | E2: =TEXT(D2,"ddd") -> Tue | F2: Screen recording | G2: Channel trailer | I2: Done | J2: Not started | K2: Not started | L2: Not started | M2: Not started | N2: Not started | O2: Not started | P2: Not started | Q2: Not started | R2: Not started | S2: Not started | T2: Not started
A3: 1 | B3: Rookie | C3: The Screen-Time Case | D3: 46322 | E3: =TEXT(D3,"ddd") -> Tue | F3: Google Forms + Sheets | G3: Anonymous survey, average vs median | I3: Done | J3: Not started | K3: Not started | L3: Not started | M3: Not started | N3: Not started | O3: Not started | P3: Not started | Q3: Not started | R3: Done | S3: Not started | T3: Not started
A4: 2 | B4: Rookie | C4: Charts That Lie | D4: 46322 | E4: =TEXT(D4,"ddd") -> Tue | F4: Google Sheets | G4: Same data, honest vs cut-axis vs cherry-picked charts | I4: Done | J4: Not started | K4: Not started | L4: Not started | M4: Not started | N4: Not started | O4: Not started | P4: Not started | Q4: Not started | R4: Done | S4: Not started | T4: Not started
A5: 3 | B5: Rookie | C5: Does Money Buy Happiness? | D5: 46325 | E5: =TEXT(D5,"ddd") -> Fri | F5: Gapminder Tools (free, browser) | G5: Two-country claim and what it can't prove | H5: Checked 2026-10-02: CC BY credit needed; confirm commercial use with Gapminder; keep name out of title | I5: Done | J5: In progress | K5: Not started | L5: Not started | M5: Not started | N5: Not started | O5: Not started | P5: Not started | Q5: Not started | R5: Not started | S5: Not started | T5: Not started
A6: 4 | B6: Rookie | C6: Correlation Isn't Guilty | D6: 46329 | E6: =TEXT(D6,"ddd") -> Tue | F6: Google Sheets | G6: Third variable and chance links | I6: Done | J6: Not started | K6: Not started | L6: Not started | M6: Not started | N6: Not started | O6: Not started | P6: Not started | Q6: Not started | R6: Done | S6: Not started | T6: Not started
A7: 5 | B7: Rookie | C7: The Biased Sample | D7: 46332 | E7: =TEXT(D7,"ddd") -> Fri | F7: Google Sheets | G7: Why surveying only friends misleads | I7: Not started | J7: Not started | K7: Not started | L7: Not started | M7: Not started | N7: Not started | O7: Not started | P7: Not started | Q7: Not started | R7: Not started | S7: Not started | T7: Not started
A8: 6 | B8: Rookie | C8: The Missing Data Mystery | D8: 46336 | E8: =TEXT(D8,"ddd") -> Tue | F8: Google Sheets | G8: Who didn't answer, and why it matters | I8: Not started | J8: Not started | K8: Not started | L8: Not started | M8: Not started | N8: Not started | O8: Not started | P8: Not started | Q8: Not started | R8: Not started | S8: Not started | T8: Not started
A9: 7 | B9: Rookie | C9: Fix the Messy Dataset | D9: 46339 | E9: =TEXT(D9,"ddd") -> Fri | F9: Google Sheets | G9: Clean typos, duplicates, wrong units | I9: Not started | J9: Not started | K9: Not started | L9: Not started | M9: Not started | N9: Not started | O9: Not started | P9: Not started | Q9: Not started | R9: Not started | S9: Not started | T9: Not started
A10: 8 | B10: Rookie | C10: Finale: Build Your Own Case | D10: 46343 | E10: =TEXT(D10,"ddd") -> Tue | F10: Forms + Sheets | G10: One-page case file from your own question | I10: Not started | J10: Not started | K10: Not started | L10: Not started | M10: Not started | N10: Not started | O10: Not started | P10: Not started | Q10: Not started | R10: Not started | S10: Not started | T10: Not started
A11: 9 | B11: Analyst | C11: Teach a Machine | D11: 46346 | E11: =TEXT(D11,"ddd") -> Fri | F11: Teachable Machine | G11: Image or pose classifier (no faces) | H11: Verified (Google blog): examples stay on device unless saved to Drive. NOT verified: site terms, age rules, commercial use. Read the footer Terms and Privacy on filming day. | I11: In progress | J11: In progress | K11: Not started | L11: Not started | M11: Not started | N11: Not started | O11: Not started | P11: Not started | Q11: Not started | R11: Not started | S11: Not started | T11: Not started
A12: 10 | B12: Analyst | C12: Break the AI | D12: 46350 | E12: =TEXT(D12,"ddd") -> Tue | F12: Teachable Machine | G12: Log of ways the model gets fooled | H12: Same tool as Case 9: read footer Terms/Privacy on filming day. Adversarial-example claim sourced to Goodfellow, Shlens, Szegedy 2014 (arXiv 1412.6572). | I12: In progress | J12: Not started | K12: Not started | L12: Not started | M12: Not started | N12: Not started | O12: Not started | P12: Not started | Q12: Not started | R12: Not started | S12: Not started | T12: Not started
A13: 11 | B13: Analyst | C13: Training vs Testing | D13: 46353 | E13: =TEXT(D13,"ddd") -> Fri | F13: Teachable Machine / ML tool | G13: Why you test on examples the model hasn't seen | I13: Not started | J13: Not started | K13: Not started | L13: Not started | M13: Not started | N13: Not started | O13: Not started | P13: Not started | Q13: Not started | R13: Not started | S13: Not started | T13: Not started
A14: 12 | B14: Analyst | C14: The Biased Hiring Bot | D14: 46357 | E14: =TEXT(D14,"ddd") -> Tue | F14: No-code ML tool (to choose) | G14: Model that learns an unfair pattern (made-up data) | I14: Not started | J14: Not started | K14: Not started | L14: Not started | M14: Not started | N14: Not started | O14: Not started | P14: Not started | Q14: Not started | R14: Not started | S14: Not started | T14: Not started
A15: 13 | B15: Analyst | C15: Real or Fake? | D15: 46360 | E15: =TEXT(D15,"ddd") -> Fri | F15: Screen demos only | G15: Spotting checklist and quiz game | H15: Answer altered-content question in Studio | I15: Not started | J15: Not started | K15: Not started | L15: Not started | M15: Not started | N15: Not started | O15: Not started | P15: Not started | Q15: Not started | R15: Not started | S15: Not started | T15: Not started
A16: 14 | B16: Analyst | C16: Interrogate the Chatbot | D16: 46364 | E16: =TEXT(D16,"ddd") -> Tue | F16: Chatbot demo (adult account) | G16: Fact-check an AI answer | H16: Check age rules of the chatbot used | I16: Not started | J16: Not started | K16: Not started | L16: Not started | M16: Not started | N16: Not started | O16: Not started | P16: Not started | Q16: Not started | R16: Not started | S16: Not started | T16: Not started
A17: 15 | B17: Analyst | C17: Predict It (No Code) | D17: 46367 | E17: =TEXT(D17,"ddd") -> Fri | F17: No-code ML tool (to choose) | G17: A first prediction on made-up data | I17: Not started | J17: Not started | K17: Not started | L17: Not started | M17: Not started | N17: Not started | O17: Not started | P17: Not started | Q17: Not started | R17: Not started | S17: Not started | T17: Not started
A18: 16 | B18: Analyst | C18: Finale: Build and Break Your Model | D18: 46371 | E18: =TEXT(D18,"ddd") -> Tue | F18: Tools so far | G18: Train a model, then find its weak spot | I18: Not started | J18: Not started | K18: Not started | L18: Not started | M18: Not started | N18: Not started | O18: Not started | P18: Not started | Q18: Not started | R18: Not started | S18: Not started | T18: Not started
A19: 17 | B19: Inspector | C19: Hello, Python | D19: 46374 | E19: =TEXT(D19,"ddd") -> Fri | F19: Browser Python notebook (to choose) | G19: First lines of Python | H19: Check sign-in and age rules | I19: Not started | J19: Not started | K19: Not started | L19: Not started | M19: Not started | N19: Not started | O19: Not started | P19: Not started | Q19: Not started | R19: Not started | S19: Not started | T19: Not started
A20: 18 | B20: Inspector | C20: Load the Evidence | D20: 46378 | E20: =TEXT(D20,"ddd") -> Tue | F20: Python + pandas | G20: Load the Case 1 data from CSV | I20: Not started | J20: Not started | K20: Not started | L20: Not started | M20: Not started | N20: Not started | O20: Not started | P20: Not started | Q20: Not started | R20: Not started | S20: Not started | T20: Not started
A21: 19 | B21: Inspector | C21: Clean It With Code | D21: 46381 | E21: =TEXT(D21,"ddd") -> Fri | F21: Python + pandas | G21: Redo Case 7 in code | I21: Not started | J21: Not started | K21: Not started | L21: Not started | M21: Not started | N21: Not started | O21: Not started | P21: Not started | Q21: Not started | R21: Not started | S21: Not started | T21: Not started
A22: 20 | B22: Inspector | C22: Chart It With Code | D22: 46385 | E22: =TEXT(D22,"ddd") -> Tue | F22: Python + matplotlib | G22: Redo honest charts from Case 2 | I22: Not started | J22: Not started | K22: Not started | L22: Not started | M22: Not started | N22: Not started | O22: Not started | P22: Not started | Q22: Not started | R22: Not started | S22: Not started | T22: Not started
A23: 21 | B23: Inspector | C23: Correlation in Code | D23: 46388 | E23: =TEXT(D23,"ddd") -> Fri | F23: Python + pandas | G23: Redo Case 4 incl. the chance table | I23: Not started | J23: Not started | K23: Not started | L23: Not started | M23: Not started | N23: Not started | O23: Not started | P23: Not started | Q23: Not started | R23: Not started | S23: Not started | T23: Not started
A24: 22 | B24: Inspector | C24: Your First Prediction | D24: 46392 | E24: =TEXT(D24,"ddd") -> Tue | F24: Python + scikit-learn | G24: Simple regression | I24: Not started | J24: Not started | K24: Not started | L24: Not started | M24: Not started | N24: Not started | O24: Not started | P24: Not started | Q24: Not started | R24: Not started | S24: Not started | T24: Not started
A25: 23 | B25: Inspector | C25: Test Your Model | D25: 46395 | E25: =TEXT(D25,"ddd") -> Fri | F25: Python + scikit-learn | G25: Train/test split, overfitting | I25: Not started | J25: Not started | K25: Not started | L25: Not started | M25: Not started | N25: Not started | O25: Not started | P25: Not started | Q25: Not started | R25: Not started | S25: Not started | T25: Not started
A26: 24 | B26: Inspector | C26: Finale: A Reproducible Case File | D26: 46399 | E26: =TEXT(D26,"ddd") -> Tue | F26: Notebook | G26: One notebook anyone can re-run | I26: Not started | J26: Not started | K26: Not started | L26: Not started | M26: Not started | N26: Not started | O26: Not started | P26: Not started | Q26: Not started | R26: Not started | S26: Not started | T26: Not started
A27: 25 | B27: Chief | C27: Choose Your Case | D27: 46402 | E27: =TEXT(D27,"ddd") -> Fri | F27: Planning sheet | G27: Question, data plan, limits | I27: Not started | J27: Not started | K27: Not started | L27: Not started | M27: Not started | N27: Not started | O27: Not started | P27: Not started | Q27: Not started | R27: Not started | S27: Not started | T27: Not started
A28: 26 | B28: Chief | C28: Find Real Data | D28: 46406 | E28: =TEXT(D28,"ddd") -> Tue | F28: Open data portals (to choose) | G28: Pick a dataset and check its terms | H28: Check each source's license | I28: Not started | J28: Not started | K28: Not started | L28: Not started | M28: Not started | N28: Not started | O28: Not started | P28: Not started | Q28: Not started | R28: Not started | S28: Not started | T28: Not started
A29: 27 | B29: Chief | C29: Collect Data Ethically | D29: 46409 | E29: =TEXT(D29,"ddd") -> Fri | F29: Forms | G29: Consent, anonymity, privacy plan | I29: Not started | J29: Not started | K29: Not started | L29: Not started | M29: Not started | N29: Not started | O29: Not started | P29: Not started | Q29: Not started | R29: Not started | S29: Not started | T29: Not started
A30: 28 | B30: Chief | C30: Analyze It | D30: 46413 | E30: =TEXT(D30,"ddd") -> Tue | F30: Sheets or Python | G30: Full analysis of your question | I30: Not started | J30: Not started | K30: Not started | L30: Not started | M30: Not started | N30: Not started | O30: Not started | P30: Not started | Q30: Not started | R30: Not started | S30: Not started | T30: Not started
A31: 29 | B31: Chief | C31: Tell the Story | D31: 46416 | E31: =TEXT(D31,"ddd") -> Fri | F31: Chart/dashboard tool (to choose) | G31: Honest visual summary | H31: Check the tool's terms | I31: Not started | J31: Not started | K31: Not started | L31: Not started | M31: Not started | N31: Not started | O31: Not started | P31: Not started | Q31: Not started | R31: Not started | S31: Not started | T31: Not started
A32: 30 | B32: Chief | C32: Check Your Own Work | D32: 46420 | E32: =TEXT(D32,"ddd") -> Tue | F32: Your notebook or sheet | G32: Three questions + limitations | I32: Not started | J32: Not started | K32: Not started | L32: Not started | M32: Not started | N32: Not started | O32: Not started | P32: Not started | Q32: Not started | R32: Not started | S32: Not started | T32: Not started
A33: 31 | B33: Chief | C33: Present Your Case | D33: 46423 | E33: =TEXT(D33,"ddd") -> Fri | F33: Screen recording | G33: A 3-minute case presentation | I33: Not started | J33: Not started | K33: Not started | L33: Not started | M33: Not started | N33: Not started | O33: Not started | P33: Not started | Q33: Not started | R33: Not started | S33: Not started | T33: Not started
A34: 32 | B34: Chief | C34: Finale: Case Review | D34: 46427 | E34: =TEXT(D34,"ddd") -> Tue | F34: Viewer work (with consent) | G34: Featured projects, no names/faces | I34: Not started | J34: Not started | K34: Not started | L34: Not started | M34: Not started | N34: Not started | O34: Not started | P34: Not started | Q34: Not started | R34: Not started | S34: Not started | T34: Not started

Sheet Summary
A1: RED STRINGS LAB · 32-case roadmap
A2: Blue = typed-in inputs. Change dates on the Tracker tab if holidays or illness move things.
A4: Rank | B4: Cases | C4: Scripts done | D4: Uploaded & scheduled | E4: First publish | F4: Last publish
A5: Rookie | B5: =COUNTIF(Tracker!$B$2:$B$34,A5) -> 8 | C5: =COUNTIFS(Tracker!$B$2:$B$34,A5,Tracker!$I$2:$I$34,"Done") -> 4 | D5: =COUNTIFS(Tracker!$B$2:$B$34,A5,Tracker!$T$2:$T$34,"Done") -> 0 | E5: =INDEX(Tracker!$D$2:$D$34,MATCH(A5,Tracker!$B$2:$B$34,0)) -> 46322 | F5: =INDEX(Tracker!$D$2:$D$34,MATCH(A5,Tracker!$B$2:$B$34,0)+COUNTIF(Tracker!$B$2:$B$34,A5)-1) -> 46343
A6: Analyst | B6: =COUNTIF(Tracker!$B$2:$B$34,A6) -> 8 | C6: =COUNTIFS(Tracker!$B$2:$B$34,A6,Tracker!$I$2:$I$34,"Done") -> 0 | D6: =COUNTIFS(Tracker!$B$2:$B$34,A6,Tracker!$T$2:$T$34,"Done") -> 0 | E6: =INDEX(Tracker!$D$2:$D$34,MATCH(A6,Tracker!$B$2:$B$34,0)) -> 46346 | F6: =INDEX(Tracker!$D$2:$D$34,MATCH(A6,Tracker!$B$2:$B$34,0)+COUNTIF(Tracker!$B$2:$B$34,A6)-1) -> 46371
A7: Inspector | B7: =COUNTIF(Tracker!$B$2:$B$34,A7) -> 8 | C7: =COUNTIFS(Tracker!$B$2:$B$34,A7,Tracker!$I$2:$I$34,"Done") -> 0 | D7: =COUNTIFS(Tracker!$B$2:$B$34,A7,Tracker!$T$2:$T$34,"Done") -> 0 | E7: =INDEX(Tracker!$D$2:$D$34,MATCH(A7,Tracker!$B$2:$B$34,0)) -> 46374 | F7: =INDEX(Tracker!$D$2:$D$34,MATCH(A7,Tracker!$B$2:$B$34,0)+COUNTIF(Tracker!$B$2:$B$34,A7)-1) -> 46399
A8: Chief | B8: =COUNTIF(Tracker!$B$2:$B$34,A8) -> 8 | C8: =COUNTIFS(Tracker!$B$2:$B$34,A8,Tracker!$I$2:$I$34,"Done") -> 0 | D8: =COUNTIFS(Tracker!$B$2:$B$34,A8,Tracker!$T$2:$T$34,"Done") -> 0 | E8: =INDEX(Tracker!$D$2:$D$34,MATCH(A8,Tracker!$B$2:$B$34,0)) -> 46402 | F8: =INDEX(Tracker!$D$2:$D$34,MATCH(A8,Tracker!$B$2:$B$34,0)+COUNTIF(Tracker!$B$2:$B$34,A8)-1) -> 46427
A9: Total | B9: =SUM(B5:B8) -> 32 | C9: =SUM(C5:C8) -> 4 | D9: =SUM(D5:D8) -> 0
A12: PRODUCTION PLAN (first 3 weeks)
A13: Week of 5 Oct | B13: Trailer, Case 1, Case 2 (scripts already written)
A14: Week of 12 Oct | B14: Cases 3, 4, 5
A15: Week of 19 Oct | B15: Cases 6, 7, 8, subtitles, upload and schedule everything by Fri 23 Oct
A16: Rule | B16: Always stay 2 to 4 weeks ahead. Keep 2 spare cases unscheduled for emergencies.
A18: SPARE CASES (not scheduled)
A19: Spare A | B19: Case 00: What is a dataset? (rows, columns, a 2-minute orientation)
A20: Spare B | B20: To decide
