Workbook

Sheet Read Me
B2: RED STRINGS LAB · CASE 10 · Break the AI — Break Log
B3: Every dataset is hiding something.
B5: You will try to fool the classifier you built in Case 9, find out WHY it fails, fix it, and test again.
B6: ⚠ The 'Example' tabs are MADE UP to show the layout. They are not real model results.
B8: TABS
B9: • Break Log — one row per attempt: the trick, what you showed, what it guessed, how sure it was, your theory, your fix, your re-test.
B10: • Summary — which tricks fooled it, how confident it was when fooled, and how many fixes worked.
B11: • Example Break Log / Example Summary — a made-up filled log.
B13: HOW TO FILL THE TRUE CLASS
B14: The 'true class' is what the model SHOULD say. If you show an object it was never trained on, the right answer is your 'Nothing' class.
B15: Type class names EXACTLY the same in the true-class and guess columns, or Fooled? will be wrong.
B17: RULES
... B24: Not affiliated with Google or any tool shown. Free to use for learning. Terms checked: [add date].

Sheet Break Log
A1: Attempt # | B1: Trick | C1: True class (what it SHOULD say) | D1: Model's guess | E1: Confidence (%) | F1: Fooled? | G1: Why I think it happened | H1: Fix I'll try (examples to add) | I1: Re-test guess (new example) | J1: Fixed? | L1: Rows 2 to 31 (30 attempts). Yellow = yours to fill. Pick the trick from the dropdown.
A2: 1 | F2: =IF(OR(C2="",D2=""),"",IF(C2=D2,"No","Yes")) | J2: =IF(OR(F2<>"Yes",I2=""),"",IF(I2=C2,"Yes","No"))
A3: 2 | F3: =IF(OR(C3="",D3=""),"",IF(C3=D3,"No","Yes")) | J3: =IF(OR(F3<>"Yes",I3=""),"",IF(I3=C3,"Yes","No"))
A4: 3 | F4: =IF(OR(C4="",D4=""),"",IF(C4=D4,"No","Yes")) | J4: =IF(OR(F4<>"Yes",I4=""),"",IF(I4=C4,"Yes","No"))
A5: 4 | F5: =IF(OR(C5="",D5=""),"",IF(C5=D5,"No","Yes")) | J5: =IF(OR(F5<>"Yes",I5=""),"",IF(I5=C5,"Yes","No"))
A6: 5 | F6: =IF(OR(C6="",D6=""),"",IF(C6=D6,"No","Yes")) | J6: =IF(OR(F6<>"Yes",I6=""),"",IF(I6=C6,"Yes","No"))
A7: 6 | F7: =IF(OR(C7="",D7=""),"",IF(C7=D7,"No","Yes")) | J7: =IF(OR(F7<>"Yes",I7=""),"",IF(I7=C7,"Yes","No"))
A8: 7 | F8: =IF(OR(C8="",D8=""),"",IF(C8=D8,"No","Yes")) | J8: =IF(OR(F8<>"Yes",I8=""),"",IF(I8=C8,"Yes","No"))
A9: 8 | F9: =IF(OR(C9="",D9=""),"",IF(C9=D9,"No","Yes")) | J9: =IF(OR(F9<>"Yes",I9=""),"",IF(I9=C9,"Yes","No"))
A10: 9 | F10: =IF(OR(C10="",D10=""),"",IF(C10=D10,"No","Yes")) | J10: =IF(OR(F10<>"Yes",I10=""),"",IF(I10=C10,"Yes","No"))
A11: 10 | F11: =IF(OR(C11="",D11=""),"",IF(C11=D11,"No","Yes")) | J11: =IF(OR(F11<>"Yes",I11=""),"",IF(I11=C11,"Yes","No"))
A12: 11 | F12: =IF(OR(C12="",D12=""),"",IF(C12=D12,"No","Yes")) | J12: =IF(OR(F12<>"Yes",I12=""),"",IF(I12=C12,"Yes","No"))
A13: 12 | F13: =IF(OR(C13="",D13=""),"",IF(C13=D13,"No","Yes")) | J13: =IF(OR(F13<>"Yes",I13=""),"",IF(I13=C13,"Yes","No"))
... A31: 30 | F31: =IF(OR(C31="",D31=""),"",IF(C31=D31,"No","Yes")) | J31: =IF(OR(F31<>"Yes",I31=""),"",IF(I31=C31,"Yes","No"))

Sheet Summary
A1: SUMMARY (yours)
A3: What we calculate | B3: Result | E3: What it tells you
A4: Attempts logged | B4: =COUNTA('Break Log'!C2:C31) -> 0 | E4: Aim for 15 or more, across at least 5 tricks
A5: Times it was fooled | B5: =COUNTIF('Break Log'!F2:F31,"Yes") -> 0
A6: Fool rate | B6: =IFERROR(B5/B4,"") | E6: Not a score to be proud of or ashamed of. A map of weak spots
A7: Average confidence when FOOLED (%) | B7: =IFERROR(AVERAGEIFS('Break Log'!E2:E31,'Break Log'!F2:F31,"Yes"),"") | E7: High = confidently wrong
A8: Average confidence when NOT fooled (%) | B8: =IFERROR(AVERAGEIFS('Break Log'!E2:E31,'Break Log'!F2:F31,"No"),"")
A9: Fixes re-tested | B9: =COUNTIF('Break Log'!J2:J31,"Yes")+COUNTIF('Break Log'!J2:J31,"No") -> 0 | E9: Only fooled attempts get a re-test
A10: Fixes that worked | B10: =COUNTIF('Break Log'!J2:J31,"Yes") -> 0
A13: WHICH TRICKS WORK?
A14: Trick | B14: Attempts | C14: Fooled | D14: Fool rate
A15: Lighting | B15: =COUNTIF('Break Log'!B2:B31,A15) -> 0 | C15: =COUNTIFS('Break Log'!B2:B31,A15,'Break Log'!F2:F31,"Yes") -> 0 | D15: =IF(B15=0,"",C15/B15)
A16: Angle | B16: =COUNTIF('Break Log'!B2:B31,A16) -> 0 | C16: =COUNTIFS('Break Log'!B2:B31,A16,'Break Log'!F2:F31,"Yes") -> 0 | D16: =IF(B16=0,"",C16/B16)
A17: Distance | B17: =COUNTIF('Break Log'!B2:B31,A17) -> 0 | C17: =COUNTIFS('Break Log'!B2:B31,A17,'Break Log'!F2:F31,"Yes") -> 0 | D17: =IF(B17=0,"",C17/B17)
A18: Background | B18: =COUNTIF('Break Log'!B2:B31,A18) -> 0 | C18: =COUNTIFS('Break Log'!B2:B31,A18,'Break Log'!F2:F31,"Yes") -> 0 | D18: =IF(B18=0,"",C18/B18)
A19: Partly hidden | B19: =COUNTIF('Break Log'!B2:B31,A19) -> 0 | C19: =COUNTIFS('Break Log'!B2:B31,A19,'Break Log'!F2:F31,"Yes") -> 0 | D19: =IF(B19=0,"",C19/B19)
A20: Lookalike object | B20: =COUNTIF('Break Log'!B2:B31,A20) -> 0 | C20: =COUNTIFS('Break Log'!B2:B31,A20,'Break Log'!F2:F31,"Yes") -> 0 | D20: =IF(B20=0,"",C20/B20)
A21: Something new | B21: =COUNTIF('Break Log'!B2:B31,A21) -> 0 | C21: =COUNTIFS('Break Log'!B2:B31,A21,'Break Log'!F2:F31,"Yes") -> 0 | D21: =IF(B21=0,"",C21/B21)
A22: Other | B22: =COUNTIF('Break Log'!B2:B31,A22) -> 0 | C22: =COUNTIFS('Break Log'!B2:B31,A22,'Break Log'!F2:F31,"Yes") -> 0 | D22: =IF(B22=0,"",C22/B22)
A24: Ask: is it the TRICK that fooled it, or something my training examples never showed it?

Sheet Example Break Log
A1: Attempt # | B1: Trick | C1: True class (what it SHOULD say) | D1: Model's guess | E1: Confidence (%) | F1: Fooled? | G1: Why I think it happened | H1: Fix I'll try (examples to add) | I1: Re-test guess (new example) | J1: Fixed? | L1: MADE-UP EXAMPLE. Not a real model result.
A2: 1 | B2: Lighting | C2: Mug | D2: Notebook | E2: 61 | F2: =IF(OR(C2="",D2=""),"",IF(C2=D2,"No","Yes")) -> Yes | G2: Trained with lamp on only | H2: Add examples with lamp off | I2: Mug | J2: =IF(OR(F2<>"Yes",I2=""),"",IF(I2=C2,"Yes","No")) -> Yes
A3: 2 | B3: Lighting | C3: Notebook | D3: Notebook | E3: 90 | F3: =IF(OR(C3="",D3=""),"",IF(C3=D3,"No","Yes")) -> No | J3: =IF(OR(F3<>"Yes",I3=""),"",IF(I3=C3,"Yes","No"))
A4: 3 | B4: Angle | C4: Mug | D4: Mug | E4: 94 | F4: =IF(OR(C4="",D4=""),"",IF(C4=D4,"No","Yes")) -> No | J4: =IF(OR(F4<>"Yes",I4=""),"",IF(I4=C4,"Yes","No"))
A5: 4 | B5: Angle | C5: Notebook | D5: Notebook | E5: 91 | F5: =IF(OR(C5="",D5=""),"",IF(C5=D5,"No","Yes")) -> No | J5: =IF(OR(F5<>"Yes",I5=""),"",IF(I5=C5,"Yes","No"))
A6: 5 | B6: Distance | C6: Mug | D6: Mug | E6: 89 | F6: =IF(OR(C6="",D6=""),"",IF(C6=D6,"No","Yes")) -> No | J6: =IF(OR(F6<>"Yes",I6=""),"",IF(I6=C6,"Yes","No"))
A7: 6 | B7: Distance | C7: Notebook | D7: Nothing | E7: 58 | F7: =IF(OR(C7="",D7=""),"",IF(C7=D7,"No","Yes")) -> Yes | G7: Notebook too small in frame | H7: Add far-away examples | I7: Notebook | J7: =IF(OR(F7<>"Yes",I7=""),"",IF(I7=C7,"Yes","No")) -> Yes
A8: 7 | B8: Background | C8: Mug | D8: Notebook | E8: 66 | F8: =IF(OR(C8="",D8=""),"",IF(C8=D8,"No","Yes")) -> Yes | G8: Trained on one desk only | H8: Add other backgrounds | I8: Mug | J8: =IF(OR(F8<>"Yes",I8=""),"",IF(I8=C8,"Yes","No")) -> Yes
A9: 8 | B9: Background | C9: Notebook | D9: Mug | E9: 55 | F9: =IF(OR(C9="",D9=""),"",IF(C9=D9,"No","Yes")) -> Yes | G9: Same: one desk only | H9: Add other backgrounds | I9: Notebook | J9: =IF(OR(F9<>"Yes",I9=""),"",IF(I9=C9,"Yes","No")) -> Yes
A10: 9 | B10: Background | C10: Nothing | D10: Nothing | E10: 93 | F10: =IF(OR(C10="",D10=""),"",IF(C10=D10,"No","Yes")) -> No | J10: =IF(OR(F10<>"Yes",I10=""),"",IF(I10=C10,"Yes","No"))
A11: 10 | B11: Partly hidden | C11: Mug | D11: Notebook | E11: 70 | F11: =IF(OR(C11="",D11=""),"",IF(C11=D11,"No","Yes")) -> Yes | G11: Handle hidden, shape unfamiliar | H11: Add partly hidden examples | I11: Notebook | J11: =IF(OR(F11<>"Yes",I11=""),"",IF(I11=C11,"Yes","No")) -> No
A12: 11 | B12: Partly hidden | C12: Notebook | D12: Notebook | E12: 84 | F12: =IF(OR(C12="",D12=""),"",IF(C12=D12,"No","Yes")) -> No | J12: =IF(OR(F12<>"Yes",I12=""),"",IF(I12=C12,"Yes","No"))
A13: 12 | B13: Lookalike object | C13: Nothing | D13: Mug | E13: 88 | F13: =IF(OR(C13="",D13=""),"",IF(C13=D13,"No","Yes")) -> Yes | G13: A glass has a mug-like shape | H13: Add the glass to 'Nothing' | I13: Nothing | J13: =IF(OR(F13<>"Yes",I13=""),"",IF(I13=C13,"Yes","No")) -> Yes
A14: 13 | B14: Lookalike object | C14: Nothing | D14: Notebook | E14: 79 | F14: =IF(OR(C14="",D14=""),"",IF(C14=D14,"No","Yes")) -> Yes | G14: A thick book looks like a notebook | H14: Add the book to 'Nothing' | I14: Nothing | J14: =IF(OR(F14<>"Yes",I14=""),"",IF(I14=C14,"Yes","No")) -> Yes
A15: 14 | B15: Something new | C15: Nothing | D15: Notebook | E15: 64 | F15: =IF(OR(C15="",D15=""),"",IF(C15=D15,"No","Yes")) -> Yes | G15: Never saw a stapler; must pick a class | H15: Add the stapler to 'Nothing' | I15: Nothing | J15: =IF(OR(F15<>"Yes",I15=""),"",IF(I15=C15,"Yes","No")) -> Yes
A16: 15 | B16: Something new | C16: Nothing | D16: Nothing | E16: 71 | F16: =IF(OR(C16="",D16=""),"",IF(C16=D16,"No","Yes")) -> No | J16: =IF(OR(F16<>"Yes",I16=""),"",IF(I16=C16,"Yes","No"))
A17: 16 | B17: Lighting | C17: Nothing | D17: Mug | E17: 52 | F17: =IF(OR(C17="",D17=""),"",IF(C17=D17,"No","Yes")) -> Yes | G17: Shadow looked like a mug | H17: Add shadow examples to 'Nothing' | I17: Nothing | J17: =IF(OR(F17<>"Yes",I17=""),"",IF(I17=C17,"Yes","No")) -> Yes
A18: 17 | F18: =IF(OR(C18="",D18=""),"",IF(C18=D18,"No","Yes")) | J18: =IF(OR(F18<>"Yes",I18=""),"",IF(I18=C18,"Yes","No"))
A19: 18 | F19: =IF(OR(C19="",D19=""),"",IF(C19=D19,"No","Yes")) | J19: =IF(OR(F19<>"Yes",I19=""),"",IF(I19=C19,"Yes","No"))
A20: 19 | F20: =IF(OR(C20="",D20=""),"",IF(C20=D20,"No","Yes")) | J20: =IF(OR(F20<>"Yes",I20=""),"",IF(I20=C20,"Yes","No"))
A21: 20 | F21: =IF(OR(C21="",D21=""),"",IF(C21=D21,"No","Yes")) | J21: =IF(OR(F21<>"Yes",I21=""),"",IF(I21=C21,"Yes","No"))
A22: 21 | F22: =IF(OR(C22="",D22=""),"",IF(C22=D22,"No","Yes")) | J22: =IF(OR(F22<>"Yes",I22=""),"",IF(I22=C22,"Yes","No"))
A23: 22 | F23: =IF(OR(C23="",D23=""),"",IF(C23=D23,"No","Yes")) | J23: =IF(OR(F23<>"Yes",I23=""),"",IF(I23=C23,"Yes","No"))
A24: 23 | F24: =IF(OR(C24="",D24=""),"",IF(C24=D24,"No","Yes")) | J24: =IF(OR(F24<>"Yes",I24=""),"",IF(I24=C24,"Yes","No"))
A25: 24 | F25: =IF(OR(C25="",D25=""),"",IF(C25=D25,"No","Yes")) | J25: =IF(OR(F25<>"Yes",I25=""),"",IF(I25=C25,"Yes","No"))
A26: 25 | F26: =IF(OR(C26="",D26=""),"",IF(C26=D26,"No","Yes")) | J26: =IF(OR(F26<>"Yes",I26=""),"",IF(I26=C26,"Yes","No"))
A27: 26 | F27: =IF(OR(C27="",D27=""),"",IF(C27=D27,"No","Yes")) | J27: =IF(OR(F27<>"Yes",I27=""),"",IF(I27=C27,"Yes","No"))
A28: 27 | F28: =IF(OR(C28="",D28=""),"",IF(C28=D28,"No","Yes")) | J28: =IF(OR(F28<>"Yes",I28=""),"",IF(I28=C28,"Yes","No"))
A29: 28 | F29: =IF(OR(C29="",D29=""),"",IF(C29=D29,"No","Yes")) | J29: =IF(OR(F29<>"Yes",I29=""),"",IF(I29=C29,"Yes","No"))
... A31: 30 | F31: =IF(OR(C31="",D31=""),"",IF(C31=D31,"No","Yes")) | J31: =IF(OR(F31<>"Yes",I31=""),"",IF(I31=C31,"Yes","No"))

Sheet Example Summary
A1: SUMMARY (MADE-UP EXAMPLE)
A3: What we calculate | B3: Result | E3: What it tells you
A4: Attempts logged | B4: =COUNTA('Example Break Log'!C2:C31) -> 16 | E4: Aim for 15 or more, across at least 5 tricks
A5: Times it was fooled | B5: =COUNTIF('Example Break Log'!F2:F31,"Yes") -> 9
A6: Fool rate | B6: =IFERROR(B5/B4,"") -> 0.5625 | E6: Not a score to be proud of or ashamed of. A map of weak spots
A7: Average confidence when FOOLED (%) | B7: =IFERROR(AVERAGEIFS('Example Break Log'!E2:E31,'Example Break Log'!F2:F31,"Yes"),"") -> 65.888889 | E7: High = confidently wrong
A8: Average confidence when NOT fooled (%) | B8: =IFERROR(AVERAGEIFS('Example Break Log'!E2:E31,'Example Break Log'!F2:F31,"No"),"") -> 87.428571
A9: Fixes re-tested | B9: =COUNTIF('Example Break Log'!J2:J31,"Yes")+COUNTIF('Example Break Log'!J2:J31,"No") -> 9 | E9: Only fooled attempts get a re-test
A10: Fixes that worked | B10: =COUNTIF('Example Break Log'!J2:J31,"Yes") -> 8
A13: WHICH TRICKS WORK?
A14: Trick | B14: Attempts | C14: Fooled | D14: Fool rate
A15: Lighting | B15: =COUNTIF('Example Break Log'!B2:B31,A15) -> 3 | C15: =COUNTIFS('Example Break Log'!B2:B31,A15,'Example Break Log'!F2:F31,"Yes") -> 2 | D15: =IF(B15=0,"",C15/B15) -> 0.66666667
A16: Angle | B16: =COUNTIF('Example Break Log'!B2:B31,A16) -> 2 | C16: =COUNTIFS('Example Break Log'!B2:B31,A16,'Example Break Log'!F2:F31,"Yes") -> 0 | D16: =IF(B16=0,"",C16/B16) -> 0
A17: Distance | B17: =COUNTIF('Example Break Log'!B2:B31,A17) -> 2 | C17: =COUNTIFS('Example Break Log'!B2:B31,A17,'Example Break Log'!F2:F31,"Yes") -> 1 | D17: =IF(B17=0,"",C17/B17) -> 0.5
A18: Background | B18: =COUNTIF('Example Break Log'!B2:B31,A18) -> 3 | C18: =COUNTIFS('Example Break Log'!B2:B31,A18,'Example Break Log'!F2:F31,"Yes") -> 2 | D18: =IF(B18=0,"",C18/B18) -> 0.66666667
A19: Partly hidden | B19: =COUNTIF('Example Break Log'!B2:B31,A19) -> 2 | C19: =COUNTIFS('Example Break Log'!B2:B31,A19,'Example Break Log'!F2:F31,"Yes") -> 1 | D19: =IF(B19=0,"",C19/B19) -> 0.5
A20: Lookalike object | B20: =COUNTIF('Example Break Log'!B2:B31,A20) -> 2 | C20: =COUNTIFS('Example Break Log'!B2:B31,A20,'Example Break Log'!F2:F31,"Yes") -> 2 | D20: =IF(B20=0,"",C20/B20) -> 1
A21: Something new | B21: =COUNTIF('Example Break Log'!B2:B31,A21) -> 2 | C21: =COUNTIFS('Example Break Log'!B2:B31,A21,'Example Break Log'!F2:F31,"Yes") -> 1 | D21: =IF(B21=0,"",C21/B21) -> 0.5
A22: Other | B22: =COUNTIF('Example Break Log'!B2:B31,A22) -> 0 | C22: =COUNTIFS('Example Break Log'!B2:B31,A22,'Example Break Log'!F2:F31,"Yes") -> 0 | D22: =IF(B22=0,"",C22/B22)
A24: Ask: is it the TRICK that fooled it, or something my training examples never showed it?
