Workbook

Sheet Read Me
B2: RED STRINGS LAB · CASE 12 · The Biased Hiring Bot — Starter Sheet
B3: Every dataset is hiding something.
B5: ⚠ ALL data here is MADE UP. An imaginary cafe chain, imaginary applicants, imaginary 'Area A' and 'Area B'. No real people, places or companies.
B7: THE STORY: In the made-up past, a cafe's managers hired people with the SAME skills at very different rates depending on their area. A 'bot' now learns from those past decisions.
B9: THREE BOTS, all built with plain formulas that look up what happened to similar past applicants:
B10: • Bot 1 looks at skill band AND area.
B11: • Bot 2 is NOT shown area, but is shown commute time. (Area and commute time are linked in this made-up town.)
B12: • Bot 3 looks at skill band only.
B13: A bot 'recommends' an applicant when most similar past applicants were hired (50% or more).
B15: TABS
B16: • History — 400 past applicants and the (biased) decisions made about them. • Applicants — 100 new applicants and what each bot says.
B17: • Results — recommendation rates by area, with a chart. • Your Turn — a bias audit. • Answer Key — the numbers behind the video.
... B25: Not affiliated with any company or tool shown. Free to use for learning. Terms checked: [add date].

Sheet History
A1: Applicant | B1: Skill score (practical test, 0–100) | C1: Area | D1: Commute (minutes) | E1: Skill band | F1: Commute band | G1: Past decision | H1: Hired (1/0) | J1: Made-up past hiring decisions. Blue = typed-in inputs. Skill band: Low <50, Mid 50–69, High 70+. Commute band: Short <24 min, Long 24+ min.
A2: 1 | B2: 54 | C2: B | D2: 35 | E2: =IF(B2<50,"Low",IF(B2<70,"Mid","High")) -> Mid | F2: =IF(D2<24,"Short","Long") -> Long | G2: No | H2: =IF(G2="Yes",1,0) -> 0
A3: 2 | B3: 50 | C3: B | D3: 24 | E3: =IF(B3<50,"Low",IF(B3<70,"Mid","High")) -> Mid | F3: =IF(D3<24,"Short","Long") -> Long | G3: No | H3: =IF(G3="Yes",1,0) -> 0
A4: 3 | B4: 62 | C4: B | D4: 30 | E4: =IF(B4<50,"Low",IF(B4<70,"Mid","High")) -> Mid | F4: =IF(D4<24,"Short","Long") -> Long | G4: No | H4: =IF(G4="Yes",1,0) -> 0
A5: 4 | B5: 60 | C5: B | D5: 38 | E5: =IF(B5<50,"Low",IF(B5<70,"Mid","High")) -> Mid | F5: =IF(D5<24,"Short","Long") -> Long | G5: No | H5: =IF(G5="Yes",1,0) -> 0
A6: 5 | B6: 54 | C6: B | D6: 38 | E6: =IF(B6<50,"Low",IF(B6<70,"Mid","High")) -> Mid | F6: =IF(D6<24,"Short","Long") -> Long | G6: No | H6: =IF(G6="Yes",1,0) -> 0
A7: 6 | B7: 58 | C7: A | D7: 16 | E7: =IF(B7<50,"Low",IF(B7<70,"Mid","High")) -> Mid | F7: =IF(D7<24,"Short","Long") -> Short | G7: Yes | H7: =IF(G7="Yes",1,0) -> 1
A8: 7 | B8: 79 | C8: A | D8: 12 | E8: =IF(B8<50,"Low",IF(B8<70,"Mid","High")) -> High | F8: =IF(D8<24,"Short","Long") -> Short | G8: Yes | H8: =IF(G8="Yes",1,0) -> 1
A9: 8 | B9: 53 | C9: A | D9: 22 | E9: =IF(B9<50,"Low",IF(B9<70,"Mid","High")) -> Mid | F9: =IF(D9<24,"Short","Long") -> Short | G9: No | H9: =IF(G9="Yes",1,0) -> 0
A10: 9 | B10: 77 | C10: B | D10: 31 | E10: =IF(B10<50,"Low",IF(B10<70,"Mid","High")) -> High | F10: =IF(D10<24,"Short","Long") -> Long | G10: No | H10: =IF(G10="Yes",1,0) -> 0
A11: 10 | B11: 46 | C11: B | D11: 19 | E11: =IF(B11<50,"Low",IF(B11<70,"Mid","High")) -> Low | F11: =IF(D11<24,"Short","Long") -> Short | G11: No | H11: =IF(G11="Yes",1,0) -> 0
A12: 11 | B12: 59 | C12: A | D12: 15 | E12: =IF(B12<50,"Low",IF(B12<70,"Mid","High")) -> Mid | F12: =IF(D12<24,"Short","Long") -> Short | G12: No | H12: =IF(G12="Yes",1,0) -> 0
A13: 12 | B13: 43 | C13: B | D13: 53 | E13: =IF(B13<50,"Low",IF(B13<70,"Mid","High")) -> Low | F13: =IF(D13<24,"Short","Long") -> Long | G13: No | H13: =IF(G13="Yes",1,0) -> 0
... A401: 400 | B401: 57 | C401: B | D401: 22 | E401: =IF(B401<50,"Low",IF(B401<70,"Mid","High")) -> Mid | F401: =IF(D401<24,"Short","Long") -> Short | G401: No | H401: =IF(G401="Yes",1,0) -> 0

Sheet Applicants
A1: Applicant | B1: Skill score | C1: Area | D1: Commute (minutes) | E1: Skill band | F1: Commute band | G1: Bot 1 chance (skill+area) | H1: Bot 1 recommends? | I1: Bot 2 chance (skill+commute) | J1: Bot 2 recommends? | K1: Bot 3 chance (skill only) | L1: Bot 3 recommends?
A2: 1 | B2: 49 | C2: A | D2: 17 | E2: =IF(B2<50,"Low",IF(B2<70,"Mid","High")) -> Low | F2: =IF(D2<24,"Short","Long") -> Short | G2: =IFERROR(AVERAGEIFS(History!$H$2:$H$401,History!$E$2:$E$401,E2,History!$C$2:$C$401,C2),"") -> 0.078947368 | H2: =IF(G2="","",IF(G2>=0.5,"Yes","No")) -> No | I2: =IFERROR(AVERAGEIFS(History!$H$2:$H$401,History!$E$2:$E$401,E2,History!$F$2:$F$401,F2),"") -> 0.090909091 | J2: =IF(I2="","",IF(I2>=0.5,"Yes","No")) -> No | K2: =IFERROR(AVERAGEIFS(History!$H$2:$H$401,History!$E$2:$E$401,E2),"") -> 0.076923077 | L2: =IF(K2="","",IF(K2>=0.5,"Yes","No")) -> No
A3: 2 | B3: 63 | C3: A | D3: 11 | E3: =IF(B3<50,"Low",IF(B3<70,"Mid","High")) -> Mid | F3: =IF(D3<24,"Short","Long") -> Short | G3: =IFERROR(AVERAGEIFS(History!$H$2:$H$401,History!$E$2:$E$401,E3,History!$C$2:$C$401,C3),"") -> 0.5483871 | H3: =IF(G3="","",IF(G3>=0.5,"Yes","No")) -> Yes | I3: =IFERROR(AVERAGEIFS(History!$H$2:$H$401,History!$E$2:$E$401,E3,History!$F$2:$F$401,F3),"") -> 0.50757576 | J3: =IF(I3="","",IF(I3>=0.5,"Yes","No")) -> Yes | K3: =IFERROR(AVERAGEIFS(History!$H$2:$H$401,History!$E$2:$E$401,E3),"") -> 0.34070796 | L3: =IF(K3="","",IF(K3>=0.5,"Yes","No")) -> No
A4: 3 | B4: 74 | C4: A | D4: 8 | E4: =IF(B4<50,"Low",IF(B4<70,"Mid","High")) -> High | F4: =IF(D4<24,"Short","Long") -> Short | G4: =IFERROR(AVERAGEIFS(History!$H$2:$H$401,History!$E$2:$E$401,E4,History!$C$2:$C$401,C4),"") -> 0.83673469 | H4: =IF(G4="","",IF(G4>=0.5,"Yes","No")) -> Yes | I4: =IFERROR(AVERAGEIFS(History!$H$2:$H$401,History!$E$2:$E$401,E4,History!$F$2:$F$401,F4),"") -> 0.83333333 | J4: =IF(I4="","",IF(I4>=0.5,"Yes","No")) -> Yes | K4: =IFERROR(AVERAGEIFS(History!$H$2:$H$401,History!$E$2:$E$401,E4),"") -> 0.73958333 | L4: =IF(K4="","",IF(K4>=0.5,"Yes","No")) -> Yes
A5: 4 | B5: 64 | C5: A | D5: 6 | E5: =IF(B5<50,"Low",IF(B5<70,"Mid","High")) -> Mid | F5: =IF(D5<24,"Short","Long") -> Short | G5: =IFERROR(AVERAGEIFS(History!$H$2:$H$401,History!$E$2:$E$401,E5,History!$C$2:$C$401,C5),"") -> 0.5483871 | H5: =IF(G5="","",IF(G5>=0.5,"Yes","No")) -> Yes | I5: =IFERROR(AVERAGEIFS(History!$H$2:$H$401,History!$E$2:$E$401,E5,History!$F$2:$F$401,F5),"") -> 0.50757576 | J5: =IF(I5="","",IF(I5>=0.5,"Yes","No")) -> Yes | K5: =IFERROR(AVERAGEIFS(History!$H$2:$H$401,History!$E$2:$E$401,E5),"") -> 0.34070796 | L5: =IF(K5="","",IF(K5>=0.5,"Yes","No")) -> No
A6: 5 | B6: 51 | C6: A | D6: 18 | E6: =IF(B6<50,"Low",IF(B6<70,"Mid","High")) -> Mid | F6: =IF(D6<24,"Short","Long") -> Short | G6: =IFERROR(AVERAGEIFS(History!$H$2:$H$401,History!$E$2:$E$401,E6,History!$C$2:$C$401,C6),"") -> 0.5483871 | H6: =IF(G6="","",IF(G6>=0.5,"Yes","No")) -> Yes | I6: =IFERROR(AVERAGEIFS(History!$H$2:$H$401,History!$E$2:$E$401,E6,History!$F$2:$F$401,F6),"") -> 0.50757576 | J6: =IF(I6="","",IF(I6>=0.5,"Yes","No")) -> Yes | K6: =IFERROR(AVERAGEIFS(History!$H$2:$H$401,History!$E$2:$E$401,E6),"") -> 0.34070796 | L6: =IF(K6="","",IF(K6>=0.5,"Yes","No")) -> No
A7: 6 | B7: 56 | C7: A | D7: 19 | E7: =IF(B7<50,"Low",IF(B7<70,"Mid","High")) -> Mid | F7: =IF(D7<24,"Short","Long") -> Short | G7: =IFERROR(AVERAGEIFS(History!$H$2:$H$401,History!$E$2:$E$401,E7,History!$C$2:$C$401,C7),"") -> 0.5483871 | H7: =IF(G7="","",IF(G7>=0.5,"Yes","No")) -> Yes | I7: =IFERROR(AVERAGEIFS(History!$H$2:$H$401,History!$E$2:$E$401,E7,History!$F$2:$F$401,F7),"") -> 0.50757576 | J7: =IF(I7="","",IF(I7>=0.5,"Yes","No")) -> Yes | K7: =IFERROR(AVERAGEIFS(History!$H$2:$H$401,History!$E$2:$E$401,E7),"") -> 0.34070796 | L7: =IF(K7="","",IF(K7>=0.5,"Yes","No")) -> No
A8: 7 | B8: 79 | C8: B | D8: 18 | E8: =IF(B8<50,"Low",IF(B8<70,"Mid","High")) -> High | F8: =IF(D8<24,"Short","Long") -> Short | G8: =IFERROR(AVERAGEIFS(History!$H$2:$H$401,History!$E$2:$E$401,E8,History!$C$2:$C$401,C8),"") -> 0.63829787 | H8: =IF(G8="","",IF(G8>=0.5,"Yes","No")) -> Yes | I8: =IFERROR(AVERAGEIFS(History!$H$2:$H$401,History!$E$2:$E$401,E8,History!$F$2:$F$401,F8),"") -> 0.83333333 | J8: =IF(I8="","",IF(I8>=0.5,"Yes","No")) -> Yes | K8: =IFERROR(AVERAGEIFS(History!$H$2:$H$401,History!$E$2:$E$401,E8),"") -> 0.73958333 | L8: =IF(K8="","",IF(K8>=0.5,"Yes","No")) -> Yes
A9: 8 | B9: 56 | C9: B | D9: 32 | E9: =IF(B9<50,"Low",IF(B9<70,"Mid","High")) -> Mid | F9: =IF(D9<24,"Short","Long") -> Long | G9: =IFERROR(AVERAGEIFS(History!$H$2:$H$401,History!$E$2:$E$401,E9,History!$C$2:$C$401,C9),"") -> 0.088235294 | H9: =IF(G9="","",IF(G9>=0.5,"Yes","No")) -> No | I9: =IFERROR(AVERAGEIFS(History!$H$2:$H$401,History!$E$2:$E$401,E9,History!$F$2:$F$401,F9),"") -> 0.10638298 | J9: =IF(I9="","",IF(I9>=0.5,"Yes","No")) -> No | K9: =IFERROR(AVERAGEIFS(History!$H$2:$H$401,History!$E$2:$E$401,E9),"") -> 0.34070796 | L9: =IF(K9="","",IF(K9>=0.5,"Yes","No")) -> No
A10: 9 | B10: 79 | C10: A | D10: 18 | E10: =IF(B10<50,"Low",IF(B10<70,"Mid","High")) -> High | F10: =IF(D10<24,"Short","Long") -> Short | G10: =IFERROR(AVERAGEIFS(History!$H$2:$H$401,History!$E$2:$E$401,E10,History!$C$2:$C$401,C10),"") -> 0.83673469 | H10: =IF(G10="","",IF(G10>=0.5,"Yes","No")) -> Yes | I10: =IFERROR(AVERAGEIFS(History!$H$2:$H$401,History!$E$2:$E$401,E10,History!$F$2:$F$401,F10),"") -> 0.83333333 | J10: =IF(I10="","",IF(I10>=0.5,"Yes","No")) -> Yes | K10: =IFERROR(AVERAGEIFS(History!$H$2:$H$401,History!$E$2:$E$401,E10),"") -> 0.73958333 | L10: =IF(K10="","",IF(K10>=0.5,"Yes","No")) -> Yes
A11: 10 | B11: 54 | C11: A | D11: 23 | E11: =IF(B11<50,"Low",IF(B11<70,"Mid","High")) -> Mid | F11: =IF(D11<24,"Short","Long") -> Short | G11: =IFERROR(AVERAGEIFS(History!$H$2:$H$401,History!$E$2:$E$401,E11,History!$C$2:$C$401,C11),"") -> 0.5483871 | H11: =IF(G11="","",IF(G11>=0.5,"Yes","No")) -> Yes | I11: =IFERROR(AVERAGEIFS(History!$H$2:$H$401,History!$E$2:$E$401,E11,History!$F$2:$F$401,F11),"") -> 0.50757576 | J11: =IF(I11="","",IF(I11>=0.5,"Yes","No")) -> Yes | K11: =IFERROR(AVERAGEIFS(History!$H$2:$H$401,History!$E$2:$E$401,E11),"") -> 0.34070796 | L11: =IF(K11="","",IF(K11>=0.5,"Yes","No")) -> No
A12: 11 | B12: 72 | C12: A | D12: 23 | E12: =IF(B12<50,"Low",IF(B12<70,"Mid","High")) -> High | F12: =IF(D12<24,"Short","Long") -> Short | G12: =IFERROR(AVERAGEIFS(History!$H$2:$H$401,History!$E$2:$E$401,E12,History!$C$2:$C$401,C12),"") -> 0.83673469 | H12: =IF(G12="","",IF(G12>=0.5,"Yes","No")) -> Yes | I12: =IFERROR(AVERAGEIFS(History!$H$2:$H$401,History!$E$2:$E$401,E12,History!$F$2:$F$401,F12),"") -> 0.83333333 | J12: =IF(I12="","",IF(I12>=0.5,"Yes","No")) -> Yes | K12: =IFERROR(AVERAGEIFS(History!$H$2:$H$401,History!$E$2:$E$401,E12),"") -> 0.73958333 | L12: =IF(K12="","",IF(K12>=0.5,"Yes","No")) -> Yes
A13: 12 | B13: 54 | C13: A | D13: 15 | E13: =IF(B13<50,"Low",IF(B13<70,"Mid","High")) -> Mid | F13: =IF(D13<24,"Short","Long") -> Short | G13: =IFERROR(AVERAGEIFS(History!$H$2:$H$401,History!$E$2:$E$401,E13,History!$C$2:$C$401,C13),"") -> 0.5483871 | H13: =IF(G13="","",IF(G13>=0.5,"Yes","No")) -> Yes | I13: =IFERROR(AVERAGEIFS(History!$H$2:$H$401,History!$E$2:$E$401,E13,History!$F$2:$F$401,F13),"") -> 0.50757576 | J13: =IF(I13="","",IF(I13>=0.5,"Yes","No")) -> Yes | K13: =IFERROR(AVERAGEIFS(History!$H$2:$H$401,History!$E$2:$E$401,E13),"") -> 0.34070796 | L13: =IF(K13="","",IF(K13>=0.5,"Yes","No")) -> No
... A101: 100 | B101: 41 | C101: B | D101: 26 | E101: =IF(B101<50,"Low",IF(B101<70,"Mid","High")) -> Low | F101: =IF(D101<24,"Short","Long") -> Long | G101: =IFERROR(AVERAGEIFS(History!$H$2:$H$401,History!$E$2:$E$401,E101,History!$C$2:$C$401,C101),"") -> 0.075 | H101: =IF(G101="","",IF(G101>=0.5,"Yes","No")) -> No | I101: =IFERROR(AVERAGEIFS(History!$H$2:$H$401,History!$E$2:$E$401,E101,History!$F$2:$F$401,F101),"") -> 0.058823529 | J101: =IF(I101="","",IF(I101>=0.5,"Yes","No")) -> No | K101: =IFERROR(AVERAGEIFS(History!$H$2:$H$401,History!$E$2:$E$401,E101),"") -> 0.076923077 | L101: =IF(K101="","",IF(K101>=0.5,"Yes","No")) -> No

Sheet Results
A1: Share of each area that got hired / recommended
A3: Who decided | B3: Area A | C3: Area B | D3: Gap (A minus B)
A4: Past human decisions (400 applicants) | B4: =AVERAGEIFS(History!$H$2:$H$401,History!$C$2:$C$401,"A") -> 0.53080569 | C4: =AVERAGEIFS(History!$H$2:$H$401,History!$C$2:$C$401,"B") -> 0.22222222 | D4: =B4-C4 -> 0.30858346
A5: Bot 1 (sees skill + area) | B5: =COUNTIFS(Applicants!$C$2:$C$101,"A",Applicants!$H$2:$H$101,"Yes")/COUNTIF(Applicants!$C$2:$C$101,"A") -> 0.83018868 | C5: =COUNTIFS(Applicants!$C$2:$C$101,"B",Applicants!$H$2:$H$101,"Yes")/COUNTIF(Applicants!$C$2:$C$101,"B") -> 0.31914894 | D5: =B5-C5 -> 0.51103974
A6: Bot 2 (no area, sees commute) | B6: =COUNTIFS(Applicants!$C$2:$C$101,"A",Applicants!$J$2:$J$101,"Yes")/COUNTIF(Applicants!$C$2:$C$101,"A") -> 0.83018868 | C6: =COUNTIFS(Applicants!$C$2:$C$101,"B",Applicants!$J$2:$J$101,"Yes")/COUNTIF(Applicants!$C$2:$C$101,"B") -> 0.42553191 | D6: =B6-C6 -> 0.40465676
A7: Bot 3 (skill only) | B7: =COUNTIFS(Applicants!$C$2:$C$101,"A",Applicants!$L$2:$L$101,"Yes")/COUNTIF(Applicants!$C$2:$C$101,"A") -> 0.30188679 | C7: =COUNTIFS(Applicants!$C$2:$C$101,"B",Applicants!$L$2:$L$101,"Yes")/COUNTIF(Applicants!$C$2:$C$101,"B") -> 0.31914894 | D7: =B7-C7 -> -0.017262144
A10: DID THE TWO AREAS HAVE THE SAME SKILLS?
A11: Measure | B11: Area A | C11: Area B
A12: Average skill score, past applicants | B12: =AVERAGEIFS(History!$B$2:$B$401,History!$C$2:$C$401,"A") -> 60.322275 | C12: =AVERAGEIFS(History!$B$2:$B$401,History!$C$2:$C$401,"B") -> 59.661376
A13: Average skill score, new applicants | B13: =AVERAGEIFS(Applicants!$B$2:$B$101,Applicants!$C$2:$C$101,"A") -> 62.226415 | C13: =AVERAGEIFS(Applicants!$B$2:$B$101,Applicants!$C$2:$C$101,"B") -> 64.255319
A14: Average commute (minutes), past applicants | B14: =AVERAGEIFS(History!$D$2:$D$401,History!$C$2:$C$401,"A") -> 14.843602 | C14: =AVERAGEIFS(History!$D$2:$D$401,History!$C$2:$C$401,"B") -> 31.624339
A17: PAST HIRE RATE AT THE SAME SKILL BAND
A18: Skill band | B18: Area A | C18: Area B | D18: Gap (A minus B)
A19: Low | B19: =AVERAGEIFS(History!$H$2:$H$401,History!$E$2:$E$401,A19,History!$C$2:$C$401,"A") -> 0.078947368 | C19: =AVERAGEIFS(History!$H$2:$H$401,History!$E$2:$E$401,A19,History!$C$2:$C$401,"B") -> 0.075 | D19: =B19-C19 -> 0.0039473684
A20: Mid | B20: =AVERAGEIFS(History!$H$2:$H$401,History!$E$2:$E$401,A20,History!$C$2:$C$401,"A") -> 0.5483871 | C20: =AVERAGEIFS(History!$H$2:$H$401,History!$E$2:$E$401,A20,History!$C$2:$C$401,"B") -> 0.088235294 | D20: =B20-C20 -> 0.4601518
A21: High | B21: =AVERAGEIFS(History!$H$2:$H$401,History!$E$2:$E$401,A21,History!$C$2:$C$401,"A") -> 0.83673469 | C21: =AVERAGEIFS(History!$H$2:$H$401,History!$E$2:$E$401,A21,History!$C$2:$C$401,"B") -> 0.63829787 | D21: =B21-C21 -> 0.19843682

Sheet Your Turn
A1: Bias audit question | B1: My answer
A2: The system I'm auditing (made-up or general)
A3: What past decisions or data does it learn from?
A4: Who is in that data? Who might be missing or under-counted?
A5: What groups could it treat differently?
A6: Which columns could be PROXIES for a group (like commute time here)?
A7: What are the outcome rates for each group?
A8: Do the groups have the same relevant ability or need? How do I know?
A9: One change I would make, and what it might NOT fix
A10: My honest sentence: the data shows… but cannot prove…
A12: Yellow = yours to fill. Use made-up or general examples. No real people's data.

Sheet Answer Key
A1: ANSWER KEY (made-up data) — try it yourself first
A3: What we calculate | B3: Result | C3: Why it matters
A4: Past hire rate, Area A | B4: =Results!B4 -> 0.53080569 | C4: Same skills, much higher rate
A5: Past hire rate, Area B | B5: =Results!C4 -> 0.22222222
A6: Average skill, Area A (past) | B6: =Results!B12 -> 60.322275 | C6: Nearly equal skills…
A7: Average skill, Area B (past) | B7: =Results!C12 -> 59.661376 | C7: …so skill doesn't explain the gap
A8: Bot 1 recommends, Area A | B8: =Results!B5 -> 0.83018868 | C8: The bot copies the pattern it was shown
A9: Bot 1 recommends, Area B | B9: =Results!C5 -> 0.31914894
A10: Bot 2 recommends, Area A | B10: =Results!B6 -> 0.83018868 | C10: Area was hidden, but…
A11: Bot 2 recommends, Area B | B11: =Results!C6 -> 0.42553191 | C11: …commute time leaks it. Removing a column doesn't remove the bias
A12: Bot 3 recommends, Area A | B12: =Results!B7 -> 0.30188679 | C12: Skill only…
A13: Bot 3 recommends, Area B | B13: =Results!C7 -> 0.31914894 | C13: …treats the areas about the same. But it still learned from biased decisions
A15: Reminder: a model that copies biased decisions perfectly would score 'perfect' against those decisions.
