Workbook

Sheet Read Me
B2: RED STRINGS LAB · CASE 04 · Correlation Isn't Guilty — Starter Sheet
B3: Every dataset is hiding something.
B5: ⚠ ALL data here is MADE UP for teaching. The 'town' is imaginary. The 'chance' numbers are random numbers made by a computer.
B7: TABS
B8: • Town — 30 made-up days: temperature, ice cream sales, sunburn cases (sorted from coolest to hottest day).
B9: • Charts — three scatter charts with trendlines.
B10: • Chance — 8 columns of pure random numbers, 10 rows, plus a table of all 28 pairs' correlations. Nothing here is connected.
B11: • Your Turn — your suspect log.
B12: • Answer Key — the numbers behind the video. Try it first.
B14: MISSION
B15: 1. Take the data you collected in Case 1 (or any data you may use) and find two columns that move together.
B16: 2. Ask three questions: could a THIRD thing cause both? Could it be REVERSED? Could it be CHANCE?
... B20: Not affiliated with Google or any tool shown. Free to use for learning. Terms checked: [add date].

Sheet Town
A1: Day (coolest → hottest) | B1: Temperature (°C) | C1: Ice cream sales (units) | D1: Sunburn cases | F1: Made-up data for an imaginary seaside town. Blue = typed-in inputs. Rows 2–11 = 10 coolest days, rows 22–31 = 10 hottest days.
A2: 1 | B2: 18.1 | C2: 58 | D2: 3
A3: 2 | B3: 18.4 | C3: 70 | D3: 0
A4: 3 | B4: 18.6 | C4: 68 | D4: 6
A5: 4 | B5: 18.8 | C5: 66 | D5: 2
A6: 5 | B6: 20.9 | C6: 77 | D6: 3
A7: 6 | B7: 20.9 | C7: 73 | D7: 2
A8: 7 | B8: 22.8 | C8: 79 | D8: 3
A9: 8 | B9: 23.1 | C9: 85 | D9: 3
A10: 9 | B10: 23.3 | C10: 76 | D10: 4
A11: 10 | B11: 24.2 | C11: 82 | D11: 4
A12: 11 | B12: 26.5 | C12: 85 | D12: 7
A13: 12 | B13: 26.7 | C13: 95 | D13: 6
... A31: 30 | B31: 34 | C31: 111 | D31: 11

Sheet Charts
A1: Three charts. One hidden suspect.

Sheet Chance
A1: Socks lost | B1: Cat videos watched | C1: Pizza slices | D1: Steps walked (100s) | E1: Homework minutes (10s) | F1: Clouds counted | G1: Songs skipped | H1: Cups of tea
A2: 9 | B2: 6 | C2: 6 | D2: 18 | E2: 16 | F2: 18 | G2: 8 | H2: 9
A3: 10 | B3: 14 | C3: 2 | D3: 15 | E3: 16 | F3: 2 | G3: 15 | H3: 2
A4: 2 | B4: 2 | C4: 5 | D4: 13 | E4: 18 | F4: 20 | G4: 14 | H4: 18
A5: 8 | B5: 12 | C5: 18 | D5: 19 | E5: 1 | F5: 20 | G5: 19 | H5: 14
A6: 11 | B6: 5 | C6: 19 | D6: 19 | E6: 20 | F6: 14 | G6: 2 | H6: 11
A7: 20 | B7: 19 | C7: 12 | D7: 11 | E7: 18 | F7: 2 | G7: 8 | H7: 20
A8: 17 | B8: 10 | C8: 4 | D8: 18 | E8: 15 | F8: 9 | G8: 2 | H8: 17
A9: 20 | B9: 20 | C9: 5 | D9: 1 | E9: 18 | F9: 6 | G9: 12 | H9: 13
A10: 19 | B10: 17 | C10: 8 | D10: 7 | E10: 15 | F10: 12 | G10: 19 | H10: 16
A11: 15 | B11: 16 | C11: 8 | D11: 11 | E11: 10 | F11: 2 | G11: 18 | H11: 19
A13: Random whole numbers from 1 to 20, made by a computer. Nothing here is connected to anything.
A15: CORRELATION OF EVERY PAIR (28 pairs). Look for the darkest cells.
B16: Socks lost | C16: Cat videos watched | D16: Pizza slices | E16: Steps walked (100s) | F16: Homework minutes (10s) | G16: Clouds counted | H16: Songs skipped | I16: Cups of tea
A17: Socks lost | B17: =CORREL($A$2:$A$11,$A$2:$A$11) -> 1 | C17: =CORREL($A$2:$A$11,$B$2:$B$11) -> 0.81976405 | D17: =CORREL($A$2:$A$11,$C$2:$C$11) -> -0.071542194 | E17: =CORREL($A$2:$A$11,$D$2:$D$11) -> -0.5797753 | F17: =CORREL($A$2:$A$11,$E$2:$E$11) -> 0.1741868 | G17: =CORREL($A$2:$A$11,$F$2:$F$11) -> -0.66848682 | H17: =CORREL($A$2:$A$11,$G$2:$G$11) -> -0.12392136 | I17: =CORREL($A$2:$A$11,$H$2:$H$11) -> 0.29288074
A18: Cat videos watched | B18: =CORREL($B$2:$B$11,$A$2:$A$11) -> 0.81976405 | C18: =CORREL($B$2:$B$11,$B$2:$B$11) -> 1 | D18: =CORREL($B$2:$B$11,$C$2:$C$11) -> -0.10955555 | E18: =CORREL($B$2:$B$11,$D$2:$D$11) -> -0.68580781 | F18: =CORREL($B$2:$B$11,$E$2:$E$11) -> -0.14171792 | G18: =CORREL($B$2:$B$11,$F$2:$F$11) -> -0.7284887 | H18: =CORREL($B$2:$B$11,$G$2:$G$11) -> 0.36254276 | I18: =CORREL($B$2:$B$11,$H$2:$H$11) -> 0.14766548
A19: Pizza slices | B19: =CORREL($C$2:$C$11,$A$2:$A$11) -> -0.071542194 | C19: =CORREL($C$2:$C$11,$B$2:$B$11) -> -0.10955555 | D19: =CORREL($C$2:$C$11,$C$2:$C$11) -> 1 | E19: =CORREL($C$2:$C$11,$D$2:$D$11) -> 0.35697305 | F19: =CORREL($C$2:$C$11,$E$2:$E$11) -> -0.33453194 | G19: =CORREL($C$2:$C$11,$F$2:$F$11) -> 0.32646705 | H19: =CORREL($C$2:$C$11,$G$2:$G$11) -> -0.087889336 | I19: =CORREL($C$2:$C$11,$H$2:$H$11) -> 0.18368917
A20: Steps walked (100s) | B20: =CORREL($D$2:$D$11,$A$2:$A$11) -> -0.5797753 | C20: =CORREL($D$2:$D$11,$B$2:$B$11) -> -0.68580781 | D20: =CORREL($D$2:$D$11,$C$2:$C$11) -> 0.35697305 | E20: =CORREL($D$2:$D$11,$D$2:$D$11) -> 1 | F20: =CORREL($D$2:$D$11,$E$2:$E$11) -> -0.26740746 | G20: =CORREL($D$2:$D$11,$F$2:$F$11) -> 0.43345238 | H20: =CORREL($D$2:$D$11,$G$2:$G$11) -> -0.36997984 | I20: =CORREL($D$2:$D$11,$H$2:$H$11) -> -0.25413995
A21: Homework minutes (10s) | B21: =CORREL($E$2:$E$11,$A$2:$A$11) -> 0.1741868 | C21: =CORREL($E$2:$E$11,$B$2:$B$11) -> -0.14171792 | D21: =CORREL($E$2:$E$11,$C$2:$C$11) -> -0.33453194 | E21: =CORREL($E$2:$E$11,$D$2:$D$11) -> -0.26740746 | F21: =CORREL($E$2:$E$11,$E$2:$E$11) -> 1 | G21: =CORREL($E$2:$E$11,$F$2:$F$11) -> -0.23045317 | H21: =CORREL($E$2:$E$11,$G$2:$G$11) -> -0.5774595 | I21: =CORREL($E$2:$E$11,$H$2:$H$11) -> -0.11160733
A22: Clouds counted | B22: =CORREL($F$2:$F$11,$A$2:$A$11) -> -0.66848682 | C22: =CORREL($F$2:$F$11,$B$2:$B$11) -> -0.7284887 | D22: =CORREL($F$2:$F$11,$C$2:$C$11) -> 0.32646705 | E22: =CORREL($F$2:$F$11,$D$2:$D$11) -> 0.43345238 | F22: =CORREL($F$2:$F$11,$E$2:$E$11) -> -0.23045317 | G22: =CORREL($F$2:$F$11,$F$2:$F$11) -> 1 | H22: =CORREL($F$2:$F$11,$G$2:$G$11) -> 0.0081272796 | I22: =CORREL($F$2:$F$11,$H$2:$H$11) -> 0.0041302501
A23: Songs skipped | B23: =CORREL($G$2:$G$11,$A$2:$A$11) -> -0.12392136 | C23: =CORREL($G$2:$G$11,$B$2:$B$11) -> 0.36254276 | D23: =CORREL($G$2:$G$11,$C$2:$C$11) -> -0.087889336 | E23: =CORREL($G$2:$G$11,$D$2:$D$11) -> -0.36997984 | F23: =CORREL($G$2:$G$11,$E$2:$E$11) -> -0.5774595 | G23: =CORREL($G$2:$G$11,$F$2:$F$11) -> 0.0081272796 | H23: =CORREL($G$2:$G$11,$G$2:$G$11) -> 1 | I23: =CORREL($G$2:$G$11,$H$2:$H$11) -> 0.03669333
A24: Cups of tea | B24: =CORREL($H$2:$H$11,$A$2:$A$11) -> 0.29288074 | C24: =CORREL($H$2:$H$11,$B$2:$B$11) -> 0.14766548 | D24: =CORREL($H$2:$H$11,$C$2:$C$11) -> 0.18368917 | E24: =CORREL($H$2:$H$11,$D$2:$D$11) -> -0.25413995 | F24: =CORREL($H$2:$H$11,$E$2:$E$11) -> -0.11160733 | G24: =CORREL($H$2:$H$11,$F$2:$F$11) -> 0.0041302501 | H24: =CORREL($H$2:$H$11,$G$2:$G$11) -> 0.03669333 | I24: =CORREL($H$2:$H$11,$H$2:$H$11) -> 1

Sheet Your Turn
A1: Two columns that move together | B1: Could a THIRD thing cause both? | C1: Could it be REVERSED? | D1: Could it be CHANCE? (how many pairs did I try? how many rows?) | E1: My honest sentence (shows… but cannot prove…)
A2: EXAMPLE: ice cream sales and sunburns | B2: Yes: hot weather | C2: Unlikely | D2: Only 2 columns tried, 30 days: unlikely chance | E2: Sales and sunburns rise together, but this cannot prove ice cream causes sunburn.
A10: Yellow = yours to fill. Delete the grey example row. No names or personal details.

Sheet Answer Key
A1: ANSWER KEY (made-up data) — try it yourself first
A3: What we calculate | B3: Result | C3: Why it matters
A4: Ice cream vs sunburn, all 30 days | B4: =CORREL(Town!C2:C31,Town!D2:D31) -> 0.82489424 | C4: Strong. Ice cream looks guilty
A5: Temperature vs ice cream | B5: =CORREL(Town!B2:B31,Town!C2:C31) -> 0.95241443 | C5: Strong: hot days sell more
A6: Temperature vs sunburn | B6: =CORREL(Town!B2:B31,Town!D2:D31) -> 0.85481671 | C6: Strong: hot days burn more
A7: Ice cream vs sunburn, temperature's influence removed | B7: =(B4-B5*B6)/SQRT((1-B5^2)*(1-B6^2)) -> 0.067991784 | C7: Partial correlation. The link nearly vanishes
A8: Ice cream vs sunburn, 10 coolest days only | B8: =CORREL(Town!C2:C11,Town!D2:D11) -> 0.11387398 | C8: Compare days with similar weather: no real link
A9: Ice cream vs sunburn, 10 hottest days only | B9: =CORREL(Town!C22:C31,Town!D22:D31) -> 0.10463233 | C9: Same story on hot days
A10: Chance: number of pairs checked | B10: =COUNT(Chance!A2:H2)*(COUNT(Chance!A2:H2)-1)/2 -> 28 | C10: 8 columns make 28 pairs
A11: Chance: strongest positive pair | B11: =LARGE(Chance!B17:I24,9) -> 0.81976405 | C11: Random numbers, yet look at it. (9th largest, because the 8 diagonal cells are 1)
A12: Chance: strongest negative pair | B12: =SMALL(Chance!B17:I24,1) -> -0.7284887 | C12: Also from random numbers
A14: Reminder: a link is a lead, not proof. Ask: third thing? reversed? chance?
