Workbook

Sheet Read Me
B2: RED STRINGS LAB · CASE 14 · Interrogate the Chatbot — Interrogation Log
B3: Every dataset is hiding something.
B5: Confidence is not evidence. This log trains you to check any claim, from a chatbot, a social post, an article or a person.
B6: ⚠ The 'Example' tabs use ILLUSTRATIVE claims and a made-up 'Chatbot A'. They are NOT a test of any real chatbot.
B8: THE FIVE QUESTIONS (one row per claim)
B9: 1. Where did the claim come from, and did it give a source?
B10: 2. Does that source EXIST, and does it really say that? (Open it. Don't take the chatbot's word for it.)
B11: 3. LATERAL READING: leave the page. What do two independent sources say?
B12: 4. Ask again, in different words. Does the answer stay the same?
B13: 5. Pressure test: 'Are you sure?' Does it hold, or flip? (Flipping tells you about the tool, not about the truth.)
B15: RULES
B16: 1. Check the age rules and terms of any chatbot BEFORE you use it. They differ, and some require an adult. If you can't use one, interrogate a social post, article or person instead. The method is the same.
... B21: Not affiliated with any chatbot or company. Free to use for learning. Terms checked: [add date].

Sheet Interrogation Log
A1: # | B1: Claim (short) | C1: Where it came from | D1: Source it gave | E1: Source exists? | F1: Source really says that? | G1: Independent source 1 | H1: Independent source 2 | I1: Verdict | J1: Ask again: same answer? | K1: 'Are you sure?' | L1: Notes | N1: Rows 2 to 31 (30 claims). Yellow = yours to fill. Use the dropdowns.
A2: 1
A3: 2
A4: 3
A5: 4
A6: 5
A7: 6
A8: 7
A9: 8
A10: 9
A11: 10
A12: 11
A13: 12
... A31: 30

Sheet Summary
A1: SUMMARY (yours)
A3: What we calculate | B3: Result
A4: Claims checked | B4: =COUNTA('Interrogation Log'!B2:B31) -> 0
A5: Gave a source (exists or not) | B5: =COUNTIF('Interrogation Log'!E2:E31,"Yes")+COUNTIF('Interrogation Log'!E2:E31,"No") -> 0
A6: Sources that EXIST | B6: =IFERROR(COUNTIF('Interrogation Log'!E2:E31,"Yes")/B5,"")
A7: Existing sources that REALLY say it | B7: =IFERROR(COUNTIF('Interrogation Log'!F2:F31,"Yes")/COUNTIF('Interrogation Log'!E2:E31,"Yes"),"")
A8: Answer changed when asked again | B8: =IFERROR(COUNTIF('Interrogation Log'!J2:J31,"Different")/(COUNTIF('Interrogation Log'!J2:J31,"Same")+COUNTIF('Interrogation Log'!J2:J31,"Different")),"")
A9: Flipped when asked 'Are you sure?' | B9: =IFERROR(COUNTIF('Interrogation Log'!K2:K31,"Flipped")/(COUNTIF('Interrogation Log'!K2:K31,"Held")+COUNTIF('Interrogation Log'!K2:K31,"Flipped")),"")
A11: VERDICT BY WHERE THE CLAIM CAME FROM
A12: Origin | B12: Supported | C12: Not supported | D12: Mixed | E12: Can't tell | F12: Total
A13: Chatbot | B13: =COUNTIFS('Interrogation Log'!C2:C31,$A13,'Interrogation Log'!I2:I31,"Supported") -> 0 | C13: =COUNTIFS('Interrogation Log'!C2:C31,$A13,'Interrogation Log'!I2:I31,"Not supported") -> 0 | D13: =COUNTIFS('Interrogation Log'!C2:C31,$A13,'Interrogation Log'!I2:I31,"Mixed") -> 0 | E13: =COUNTIFS('Interrogation Log'!C2:C31,$A13,'Interrogation Log'!I2:I31,"Can't tell") -> 0 | F13: =SUM(B13:E13) -> 0
A14: Social post | B14: =COUNTIFS('Interrogation Log'!C2:C31,$A14,'Interrogation Log'!I2:I31,"Supported") -> 0 | C14: =COUNTIFS('Interrogation Log'!C2:C31,$A14,'Interrogation Log'!I2:I31,"Not supported") -> 0 | D14: =COUNTIFS('Interrogation Log'!C2:C31,$A14,'Interrogation Log'!I2:I31,"Mixed") -> 0 | E14: =COUNTIFS('Interrogation Log'!C2:C31,$A14,'Interrogation Log'!I2:I31,"Can't tell") -> 0 | F14: =SUM(B14:E14) -> 0
A15: Article | B15: =COUNTIFS('Interrogation Log'!C2:C31,$A15,'Interrogation Log'!I2:I31,"Supported") -> 0 | C15: =COUNTIFS('Interrogation Log'!C2:C31,$A15,'Interrogation Log'!I2:I31,"Not supported") -> 0 | D15: =COUNTIFS('Interrogation Log'!C2:C31,$A15,'Interrogation Log'!I2:I31,"Mixed") -> 0 | E15: =COUNTIFS('Interrogation Log'!C2:C31,$A15,'Interrogation Log'!I2:I31,"Can't tell") -> 0 | F15: =SUM(B15:E15) -> 0
A16: Person | B16: =COUNTIFS('Interrogation Log'!C2:C31,$A16,'Interrogation Log'!I2:I31,"Supported") -> 0 | C16: =COUNTIFS('Interrogation Log'!C2:C31,$A16,'Interrogation Log'!I2:I31,"Not supported") -> 0 | D16: =COUNTIFS('Interrogation Log'!C2:C31,$A16,'Interrogation Log'!I2:I31,"Mixed") -> 0 | E16: =COUNTIFS('Interrogation Log'!C2:C31,$A16,'Interrogation Log'!I2:I31,"Can't tell") -> 0 | F16: =SUM(B16:E16) -> 0
A17: Other | B17: =COUNTIFS('Interrogation Log'!C2:C31,$A17,'Interrogation Log'!I2:I31,"Supported") -> 0 | C17: =COUNTIFS('Interrogation Log'!C2:C31,$A17,'Interrogation Log'!I2:I31,"Not supported") -> 0 | D17: =COUNTIFS('Interrogation Log'!C2:C31,$A17,'Interrogation Log'!I2:I31,"Mixed") -> 0 | E17: =COUNTIFS('Interrogation Log'!C2:C31,$A17,'Interrogation Log'!I2:I31,"Can't tell") -> 0 | F17: =SUM(B17:E17) -> 0
A19: Reminder: confidence is not evidence. A source that does not exist, or does not say it, is a red flag.

Sheet Example Log
A1: # | B1: Claim (short) | C1: Where it came from | D1: Source it gave | E1: Source exists? | F1: Source really says that? | G1: Independent source 1 | H1: Independent source 2 | I1: Verdict | J1: Ask again: same answer? | K1: 'Are you sure?' | L1: Notes | N1: ILLUSTRATIVE EXAMPLE. Not a test of any real chatbot.
A2: 1 | B2: Water boils at 100 °C at sea level | C2: Chatbot | D2: No source given | E2: No source | F2: — | G2: School science textbook | H2: Encyclopedia | I2: Supported | J2: Same | K2: Held | L2: Illustrative
A3: 2 | B3: Humans use only 10% of their brains | C3: Social post | D3: None | E3: No source | F3: — | G3: Neuroscience article | H3: University page | I3: Not supported | J3: Not asked | K3: Not asked | L3: A common myth
A4: 3 | B4: A 2019 study in 'Journal of Imaginary Results' proves the claim | C4: Chatbot | D4: Journal of Imaginary Results (made up) | E4: No | F4: Couldn't check | G4: Searched journal list | H4: Library search | I4: Not supported | J4: Different | K4: Flipped | L4: Source does not exist
A5: 4 | B5: Annual report says sales tripled | C5: Chatbot | D5: Annual Report 20XX (made up) | E5: Yes | F5: No | G5: Company site | H5: News coverage | I5: Not supported | J5: Same | K5: Held | L5: Report exists but says 'rose 5%'
A6: 5 | B6: The town has 1,000 students (imaginary town) | C6: Person | D6: None | E6: No source | F6: — | G6: None findable | H6: None findable | I6: Can't tell | J6: Not asked | K6: Not asked | L6: Imaginary, nothing to check
A7: 6 | B7: A medicine is 'completely safe' | C7: Article | D7: Press release | E7: Yes | F7: Partly | G7: Official health agency | H7: Medical reference | I7: Mixed | J7: Not asked | K7: Not asked | L7: Real source, claim stretched
A8: 7 | B8: Plants grow faster with classical music | C8: Chatbot | D8: Unnamed study | E8: No | F8: Couldn't check | G8: Science site | H8: Teacher's guide | I8: Mixed | J8: Different | K8: Held | L8: Evidence weak and mixed
A9: 8 | B9: Light travels faster than sound | C9: Chatbot | D9: No source given | E9: No source | F9: — | G9: Physics textbook | H9: Encyclopedia | I9: Supported | J9: Same | K9: Held
A10: 9
A11: 10
A12: 11
A13: 12
A14: 13
A15: 14
A16: 15
A17: 16
A18: 17
A19: 18
A20: 19
A21: 20
... A31: 30

Sheet Example Summary
A1: SUMMARY (ILLUSTRATIVE EXAMPLE)
A3: What we calculate | B3: Result
A4: Claims checked | B4: =COUNTA('Example Log'!B2:B31) -> 8
A5: Gave a source (exists or not) | B5: =COUNTIF('Example Log'!E2:E31,"Yes")+COUNTIF('Example Log'!E2:E31,"No") -> 4
A6: Sources that EXIST | B6: =IFERROR(COUNTIF('Example Log'!E2:E31,"Yes")/B5,"") -> 0.5
A7: Existing sources that REALLY say it | B7: =IFERROR(COUNTIF('Example Log'!F2:F31,"Yes")/COUNTIF('Example Log'!E2:E31,"Yes"),"") -> 0
A8: Answer changed when asked again | B8: =IFERROR(COUNTIF('Example Log'!J2:J31,"Different")/(COUNTIF('Example Log'!J2:J31,"Same")+COUNTIF('Example Log'!J2:J31,"Different")),"") -> 0.4
A9: Flipped when asked 'Are you sure?' | B9: =IFERROR(COUNTIF('Example Log'!K2:K31,"Flipped")/(COUNTIF('Example Log'!K2:K31,"Held")+COUNTIF('Example Log'!K2:K31,"Flipped")),"") -> 0.2
A11: VERDICT BY WHERE THE CLAIM CAME FROM
A12: Origin | B12: Supported | C12: Not supported | D12: Mixed | E12: Can't tell | F12: Total
A13: Chatbot | B13: =COUNTIFS('Example Log'!C2:C31,$A13,'Example Log'!I2:I31,"Supported") -> 2 | C13: =COUNTIFS('Example Log'!C2:C31,$A13,'Example Log'!I2:I31,"Not supported") -> 2 | D13: =COUNTIFS('Example Log'!C2:C31,$A13,'Example Log'!I2:I31,"Mixed") -> 1 | E13: =COUNTIFS('Example Log'!C2:C31,$A13,'Example Log'!I2:I31,"Can't tell") -> 0 | F13: =SUM(B13:E13) -> 5
A14: Social post | B14: =COUNTIFS('Example Log'!C2:C31,$A14,'Example Log'!I2:I31,"Supported") -> 0 | C14: =COUNTIFS('Example Log'!C2:C31,$A14,'Example Log'!I2:I31,"Not supported") -> 1 | D14: =COUNTIFS('Example Log'!C2:C31,$A14,'Example Log'!I2:I31,"Mixed") -> 0 | E14: =COUNTIFS('Example Log'!C2:C31,$A14,'Example Log'!I2:I31,"Can't tell") -> 0 | F14: =SUM(B14:E14) -> 1
A15: Article | B15: =COUNTIFS('Example Log'!C2:C31,$A15,'Example Log'!I2:I31,"Supported") -> 0 | C15: =COUNTIFS('Example Log'!C2:C31,$A15,'Example Log'!I2:I31,"Not supported") -> 0 | D15: =COUNTIFS('Example Log'!C2:C31,$A15,'Example Log'!I2:I31,"Mixed") -> 1 | E15: =COUNTIFS('Example Log'!C2:C31,$A15,'Example Log'!I2:I31,"Can't tell") -> 0 | F15: =SUM(B15:E15) -> 1
A16: Person | B16: =COUNTIFS('Example Log'!C2:C31,$A16,'Example Log'!I2:I31,"Supported") -> 0 | C16: =COUNTIFS('Example Log'!C2:C31,$A16,'Example Log'!I2:I31,"Not supported") -> 0 | D16: =COUNTIFS('Example Log'!C2:C31,$A16,'Example Log'!I2:I31,"Mixed") -> 0 | E16: =COUNTIFS('Example Log'!C2:C31,$A16,'Example Log'!I2:I31,"Can't tell") -> 1 | F16: =SUM(B16:E16) -> 1
A17: Other | B17: =COUNTIFS('Example Log'!C2:C31,$A17,'Example Log'!I2:I31,"Supported") -> 0 | C17: =COUNTIFS('Example Log'!C2:C31,$A17,'Example Log'!I2:I31,"Not supported") -> 0 | D17: =COUNTIFS('Example Log'!C2:C31,$A17,'Example Log'!I2:I31,"Mixed") -> 0 | E17: =COUNTIFS('Example Log'!C2:C31,$A17,'Example Log'!I2:I31,"Can't tell") -> 0 | F17: =SUM(B17:E17) -> 0
A19: Reminder: confidence is not evidence. A source that does not exist, or does not say it, is a red flag.
